ficID,nerID,Name,Gender,Mentions,clusterID,canonID
57,[0],ng,UNKNOWN,193,"[279, 452, 116, 251, 435, 448, 469, 517, 545]",-1
57,"[15, 80, 95]",aziraphale,MALE,54,[279],4
57,"[146, 151]",crowley,MALE,23,[452],8
57,[149],his,,7,[],-1
57,[22],him,,1,[],-1
70,[0],crowley,NEUTRAL,9,[1],8
70,[1],him,,1,[],-1
70,"[2, 6]",crowley,MALE,6,[51],8
70,"[3, 10]",aziraphale,MALE,13,[33],4
70,[32],his,,1,[],-1
70,[16],aziraphale,MALE,1,[33],4
70,[19],bentley,NEUTRAL,1,[50],-1
70,[30],mayfair,NEUTRAL,1,[67],-1
162,[384],He,MALE,3,[],-1
162,"[512, 514, 275, 533, 415, 420, 169, 558, 307, 197, 202, 204, 608, 247, 633, 507]",crowley,MALE,61,[1456],8
162,"[520, 405, 572, 203, 615]",crowley,MALE,403,[1456],8
162,"[9, 416, 559, 592, 475, 362, 250, 255]",aziraphale,MALE,190,[1865],4
162,[13],aziraphale,MALE,129,"[332, 211]",4
162,[528],branston,MALE,1,[1428],-1
162,"[665, 588]",crowley,MALE,2,[1456],8
162,"[291, 576, 480, 636]",aziraphale,MALE,4,[1865],4
162,[552],crowley,NEUTRAL,1,[1496],8
162,[46],he,MALE,2,[],-1
162,[65],his,,2,[],-1
162,[71],aziraphale,NEUTRAL,1,[332],4
162,[467],his,,2,[],-1
162,[494],him,,1,[],-1
162,[376],crowley,NEUTRAL,1,[1009],8
244,[0],lies,UNKNOWN,153,"[337, 142, 154, 262, 303, 336, 354, 402, 529, 538, 541, 221, 724, 478, 769, 770, 771]",-1
244,"[33, 100]",gabriel,MALE,15,[221],14
244,[5],gabriel,MALE,89,[221],14
244,[6],beelzebub,NEUTRAL,16,[478],5
244,[176],gabriel,NEUTRAL,1,[714],14
244,[178],He,MALE,4,[],-1
244,[87],his,,8,[],-1
244,[185],beelzebub,MALE,1,[768],5
244,[26],her,,4,[],-1
273,[32],his,,10,[],-1
273,[128],he,MALE,11,[],-1
273,[3],crowley,MALE,43,[114],8
273,[68],mudlark,FEMALE,1,[237],-1
273,"[100, 72, 79]",mudlark,FEMALE,3,[270],-1
273,[8],Neil Gaiman,,1,[],-1
273,[9],pratchett,MALE,1,[19],-1
273,[108],He,MALE,9,[],-1
273,"[80, 82]",jacobs,MALE,3,[275],-1
273,[81],Crowley,,1,[],8
273,[111],travolta,MALE,1,[371],-1
273,[52],not,MALE,2,[173],-1
273,[85],than,UNKNOWN,1,[280],-1
273,[116],she,FEMALE,2,[],-1
273,[122],tablero,UNKNOWN,1,[409],-1
273,[126],his,,1,[],-1
273,[63],his,,1,[],-1
281,[1],crowley,NEUTRAL,1,[5],8
281,[4],aziraphale,MALE,1,[12],4
281,[49],aziraph,UNKNOWN,1,[147],-1
281,[18],aziraphale,MALE,14,[118],4
281,[19],crowley,MALE,7,[66],8
281,[28],his,,21,[],-1
346,[1],crowley,MALE,14,[1],8
346,[2],aziraphale,MALE,91,[314],4
346,"[115, 29]",crowley,MALE,2,[314],8
346,[84],He,MALE,3,[],-1
346,[93],angel,MALE,1,[270],4
346,[55],aziraphale,NEUTRAL,1,[152],4
346,[56],His,,9,[],-1
346,[94],crowley,MALE,1,[314],8
347,[0],ea,NEUTRAL,164,"[64, 3, 67, 147, 162, 337, 488]",-1
347,"[97, 109, 17, 95]",crowley,MALE,29,[453],8
347,[106],his,,4,[],-1
347,[79],bentley,NEUTRAL,1,[281],-1
347,[80],His,,7,[],-1
347,[111],his,,5,[],-1
347,[127],aziraphale,MALE,10,[64],4
347,[30],She,FEMALE,2,[],-1
356,"[32, 97, 37, 68, 16, 111, 87]",crowley,MALE,27,[446],8
356,[36],he,MALE,14,[],-1
356,"[6, 61]",crowley,MALE,36,[446],8
356,[40],his,,1,[],-1
356,[72],aza,UNKNOWN,2,[364],-1
356,[106],zira,UNKNOWN,1,[413],-1
356,"[15, 81]",aziraphale,MALE,23,[342],4
356,[59],Her,,2,[],-1
356,[29],his,,1,[],-1
356,[63],gabriel,MALE,1,[274],14
358,[0],heaven,UNKNOWN,89,"[1, 434, 160, 207, 420]",-1
358,[6],aziraphale,MALE,133,[434],4
358,[114],angel,MALE,1,[316],4
358,[122],crowley,NEUTRAL,20,[434],8
358,[126],angel,MALE,2,[347],4
403,[8],ang,MALE,58,"[139, 143]",-1
422,[96],He,MALE,7,[],-1
422,[164],he,MALE,4,[],-1
422,[5],aziraphale,MALE,154,"[0, 5, 11, 263, 260, 276]",4
422,[102],he,MALE,2,[],-1
422,"[172, 15, 29]",crowley,MALE,63,[364],8
422,[157],his,,3,[],-1
422,[88],angel,MALE,1,[260],4
422,[95],crowley,MALE,1,[287],8
505,[1],crowley,NEUTRAL,4,[3],8
505,[4],crowley,MALE,44,[175],8
555,[0],crowley,MALE,265,"[510, 375, 358, 359, 442, 468, 569, 585]",8
555,"[1, 99]",aziraphale,MALE,46,[375],4
555,[33],he,MALE,1,[],-1
555,[64],she,FEMALE,1,[],-1
555,[5],rosie,FEMALE,11,[222],-1
555,[8],her,,1,[],-1
555,[109],adam,MALE,1,[459],0
555,[110],her,,3,[],-1
555,[60],his,,2,[],-1
562,[3],crowley,MALE,33,[255],8
562,[37],Marigold,,1,[],-1
562,[38],hatter,FEMALE,1,[142],-1
562,"[39, 42, 54]",mudlark,FEMALE,3,[177],-1
562,[8],Neil Gaiman,,1,[],-1
562,[9],pratchett,MALE,1,[18],-1
562,[72],marigold,FEMALE,1,[365],-1
562,[73],pegg,MALE,1,[229],-1
562,[74],frost,MALE,1,[230],-1
562,[75],python,NEUTRAL,1,[231],-1
562,[79],gabriel,MALE,1,[246],14
562,[103],Botticelli,,1,[],-1
562,[104],picasso,MALE,1,[313],-1
562,[109],He,MALE,4,[],-1
562,[83],sandalphon,MALE,1,[252],29
562,[53],her,,3,[],-1
597,[0],late,UNKNOWN,316,"[0, 13, 547, 179, 185, 681, 302, 287, 293, 421, 444, 490, 506, 496, 549, 640, 667, 752, 753, 755, 789, 869, 873, 897, 958, 1041, 1171, 1203, 1230, 1256, 1305, 1483]",-1
597,"[9, 283, 39, 309, 87, 378]",crowley,MALE,205,[547],8
597,[141],antichrist,NEUTRAL,1,[490],0
597,[411],he,MALE,1,[],-1
597,[158],guillani,UNKNOWN,1,[560],-1
597,[161],He,MALE,2,[],-1
597,[166],Raphael,,35,[],-1
597,[44],he,MALE,3,[],-1
597,[172],his,,1,[],-1
597,"[47, 58, 113]",aziraphale,MALE,31,[547],4
597,[175],mayfair,NEUTRAL,1,[614],-1
597,[51],He,MALE,3,[],-1
597,"[60, 369]",raphael,MALE,85,[681],-1
597,[319],bentley,MALE,1,[1103],-1
597,[322],his,,6,[],-1
597,[198],him,,2,[],-1
597,[326],him,,1,[],-1
597,[337],hell,UNKNOWN,1,[1166],-1
597,[88],crowley,MALE,1,[547],8
597,[346],his,,7,[],-1
597,[93],aziraphale,MALE,1,[338],4
597,[95],he,MALE,3,[],-1
597,[226],Aziraphale,,1,[],4
597,[358],he,MALE,1,[],-1
597,[359],Aziraphale,,1,[],4
597,[375],webster,NEUTRAL,1,[1311],-1
597,[255],he,MALE,1,[],-1
618,[6],aziraphale,MALE,48,[161],4
618,[41],he,MALE,1,[],-1
618,[12],aziraphale,MALE,1,[42],4
618,"[54, 58]",crowley,MALE,10,[161],8
618,[63],crowley,MALE,1,[161],8
697,"[1, 150]",aziraphale,MALE,81,"[40, 5, 108, 67, 294, 353, 462, 442]",4
697,[39],crowley,MALE,111,[67],8
697,[18],aziraphale,MALE,1,[61],4
697,[148],him,,1,[],-1
697,[25],his,,12,[],-1
732,[1],crowley,MALE,1,[6],8
732,[6],Neil Gaiman,,1,[],-1
732,[7],pratchett,MALE,1,[17],-1
732,[13],crowley,MALE,1,[89],8
732,[15],his,,2,[],-1
732,[17],archer,MALE,1,[99],-1
732,[21],crowley,MALE,1,[137],8
732,[23],aziraphale,MALE,6,[118],4
796,[3],once,UNKNOWN,155,"[552, 17]",-1
796,[260],hers,,1,[],-1
796,[5],he,MALE,6,[],-1
796,"[515, 537, 286, 551, 465, 474, 485]",crowley,MALE,44,[552],8
796,[7],ssssssssssoft,UNKNOWN,168,"[30, 7, 206, 117, 174, 204, 233, 234, 303, 317, 336, 319, 430, 449, 450, 468, 511, 510]",-1
796,"[4, 143, 22, 28, 65, 71, 105, 119]",crowley,MALE,27,[511],8
796,[137],her,,18,[],-1
796,[10],one,UNKNOWN,232,"[438, 42]",-1
796,[17],aziraphale,MALE,45,[206],4
796,[23],crowley,MALE,2,"[86, 511]",8
796,[153],hers,,1,[],-1
796,[285],him,,1,[],-1
796,[543],hers,,1,[],-1
796,[43],francis,MALE,1,[166],-1
796,[178],her,,4,[],-1
796,[52],she,FEMALE,11,[],-1
796,"[54, 216, 108]",aziraphale,MALE,3,[438],4
796,[186],she,FEMALE,28,[],-1
796,[322],aizraphale,UNKNOWN,1,[1174],-1
796,[69],his,,1,[],-1
796,[78],she,FEMALE,7,[],-1
796,[211],crowley,NEUTRAL,1,[552],8
796,"[340, 376]",bentley,NEUTRAL,2,[1343],-1
796,[479],crowley,MALE,1,[552],8
796,[102],ashtoreth,FEMALE,1,[334],-1
796,[104],christ,MALE,1,[337],-1
796,[232],bentley,NEUTRAL,1,[844],-1
796,[240],mellors,MALE,1,[882],-1
796,[372],him,,1,[],-1
821,[0],twitter,UNKNOWN,104,"[1, 24, 193, 73, 124, 244, 178, 183, 197]",-1
821,"[38, 45]",crowley,MALE,5,[24],8
821,[17],aziraphale,MALE,13,[193],4
821,[24],she,FEMALE,1,[],-1
834,"[256, 12, 25]",aziraphale,MALE,44,[658],4
834,"[1, 280, 59]",crowley,MALE,53,[226],8
834,[260],mom,FEMALE,1,[760],-1
834,[6],Neil Gaiman,,1,[],-1
834,[7],pratchett,MALE,1,[19],-1
834,[264],She,FEMALE,11,[],-1
834,[138],samael,NEUTRAL,4,[426],-1
834,"[14, 28]",sebastian,MALE,32,[396],-1
834,[16],He,MALE,1,[],-1
834,"[144, 167, 126]",samael,UNKNOWN,12,[426],-1
834,"[151, 193]",divina,FEMALE,4,[480],-1
834,"[289, 292]",beatrice,FEMALE,9,[838],-1
834,[294],he,MALE,2,[],-1
834,[295],gabi,UNKNOWN,1,[840],-1
834,"[299, 312, 343]",divina,FEMALE,15,[858],-1
834,[51],he,MALE,5,[],-1
834,[180],She,FEMALE,4,[],-1
834,[57],Sebastian,,1,[],-1
834,[191],wubbles,UNKNOWN,1,[580],-1
834,[194],beatrice,FEMALE,1,[235],-1
834,[197],he,MALE,2,[],-1
834,[325],He,MALE,2,[],-1
834,[200],wumpums,NEUTRAL,1,[601],-1
834,[334],her,,1,[],-1
834,[209],michael,MALE,2,[629],24
834,"[210, 215]",margret,FEMALE,2,[636],-1
834,"[337, 104]",gabriel,MALE,19,[650],14
834,[212],her,,1,[],-1
834,"[338, 349]",beelzebub,NEUTRAL,3,[992],5
834,[91],Beatrice,,1,[],-1
834,[92],beatrice,UNKNOWN,22,[235],-1
834,[93],divina,FEMALE,1,[633],-1
834,[94],Gabriel,,1,[],14
834,[95],michael,MALE,3,[328],24
834,[224],Warlock,,1,[],38
834,[225],annabel,FEMALE,7,[683],-1
834,[98],Gabriel,,1,[],14
834,[348],michael,MALE,1,[987],24
834,[100],divina,FEMALE,1,[318],-1
834,[102],beelzebub,NEUTRAL,6,[633],5
834,[105],He,MALE,2,[],-1
834,[232],noodle,NEUTRAL,1,[682],-1
834,[238],he,MALE,3,[],-1
834,[242],Her,,4,[],-1
834,[245],ruh,UNKNOWN,1,[730],-1
834,[254],warlock,MALE,4,[807],38
834,[122],She,FEMALE,1,[],-1
871,[0],happi,UNKNOWN,113,"[137, 131, 261]",-1
871,"[44, 50, 87]",crowley,MALE,10,[137],8
871,"[14, 78]",aziraphale,MALE,19,[131],4
871,[21],crowley,MALE,1,[137],8
873,"[0, 5]",crowley,MALE,104,"[177, 50, 96, 98, 203]",8
873,"[1, 9]",bentley,NEUTRAL,2,[25],-1
873,[10],aziraphale,MALE,70,[98],4
873,[117],him,,1,[],-1
873,[30],angel,MALE,1,[80],4
897,"[134, 71, 18, 153]",crowley,MALE,47,[553],8
897,[167],ang,MALE,1,[566],-1
897,[15],mozart,MALE,1,[56],-1
897,[115],james,FEMALE,1,[393],-1
897,[23],angel,MALE,182,"[22, 59, 169, 148, 175, 184, 244, 394, 480, 514, 549]",4
897,[56],bentley,NEUTRAL,1,[168],-1
897,[94],crowley,NEUTRAL,1,[335],8
897,[63],his,,1,[],-1
908,"[2, 4, 15, 284, 167]",crowley,MALE,94,[262],8
908,[5],angel,MALE,1,[10],4
908,[6],adam,MALE,3,[369],0
908,[12],he,MALE,9,[],-1
908,"[268, 282, 289, 216]",aziraphale,MALE,12,[315],4
908,[16],bentley,NEUTRAL,1,[46],-1
908,[146],angel,MALE,1,[370],4
908,[20],color,NEUTRAL,219,"[315, 262, 606, 645, 646, 751]",-1
908,[152],oscar,MALE,1,[399],-1
908,"[161, 173]",crowley,MALE,2,[262],8
908,[163],angel,MALE,1,[606],4
908,[54],angel,MALE,13,[162],4
908,[92],aziraphale,NEUTRAL,1,[315],4
908,[226],bentley,NEUTRAL,1,[591],-1
908,[231],his,,11,[],-1
908,[243],shadwell,MALE,1,[624],31
908,[122],antichrist,MALE,1,[314],0
908,[125],him,,15,[],-1
957,[259],him,,7,[],-1
957,[389],she,FEMALE,10,[],-1
957,[6],Neil Gaiman,,1,[],-1
957,[7],pratchett,MALE,1,[33],-1
957,"[12, 540]",aziraphale,MALE,182,[311],4
957,[526],He,MALE,1,[],-1
957,[277],cynthia,FEMALE,1,[798],-1
957,"[150, 155, 43, 98, 120]",bentley,NEUTRAL,5,[415],-1
957,[535],him,,3,[],-1
957,[281],She,FEMALE,3,[],-1
957,[156],Crowley,,24,[],8
957,"[30, 55, 454]",crowley,MALE,109,[270],8
957,[541],bentley,NEUTRAL,1,[1645],-1
957,[34],bentley,FEMALE,1,[415],-1
957,[292],crowley,MALE,1,[843],8
957,[548],hastur,MALE,8,[1685],19
957,"[551, 552]",beelzebub,NEUTRAL,11,[1686],5
957,[426],he,MALE,2,[],-1
957,[299],cindy,FEMALE,10,[864],-1
957,[301],princess,FEMALE,7,[892],-1
957,[48],bentley,UNKNOWN,1,[270],-1
957,[433],cindy,FEMALE,32,[1368],-1
957,[54],him,,1,[],-1
957,[312],cindy,FEMALE,1,[905],-1
957,[439],Crowley,,1,[],8
957,[441],aziraphale,MALE,1,[1325],4
957,[449],agnes,FEMALE,1,[1343],1
957,[68],fell,MALE,1,[216],-1
957,[70],kathy,FEMALE,3,[370],-1
957,[456],him,,1,[],-1
957,[336],hastur,MALE,20,[1178],19
957,[340],he,MALE,1,[],-1
957,[468],her,,1,[],-1
957,[214],hastur,MALE,13,[702],19
957,[344],him,,1,[],-1
957,[218],HIS,,1,[],-1
957,[486],mommy,FEMALE,12,[1511],-1
957,[359],her,,5,[],-1
957,[105],fell,MALE,1,[298],-1
957,[236],her,,1,[],-1
957,[365],his,,3,[],-1
957,[247],malcom,UNKNOWN,1,[703],-1
957,[255],His,,3,[],-1
1035,"[3, 162, 173, 205, 215, 112]",crowley,MALE,206,[810],8
1035,[6],gabriel,MALE,5,[48],14
1035,[12],aziraphale,MALE,38,[58],4
1035,"[140, 155, 178, 188, 90, 127]",crowley,MALE,36,[579],8
1035,"[16, 156]",aziraphale,MALE,87,[513],4
1035,[18],aziraphale,MALE,1,[513],4
1035,[21],bentley,UNKNOWN,1,[810],-1
1035,[161],gabriel,MALE,43,[916],14
1035,[291],sandalphone,UNKNOWN,6,[883],-1
1035,[165],crowley,NEUTRAL,1,[530],8
1035,[166],his,,5,[],-1
1035,[295],aziraphale,NEUTRAL,1,[841],4
1035,"[172, 84]",crowley,NEUTRAL,2,[579],8
1035,[304],Gabriel,,1,[],14
1035,[305],sandalphon,MALE,8,[961],29
1035,[311],lucifer,MALE,2,[933],30
1035,[55],aziraphale,NEUTRAL,1,[513],4
1035,[57],his,,2,[],-1
1035,[183],his,,1,[],-1
1035,[61],his,,39,[],-1
1035,[200],her,,2,[],-1
1035,[214],aziraphale,MALE,1,[810],4
1035,"[97, 109]",aziraphale,MALE,2,[810],4
1035,[227],lucifer,MALE,1,[691],30
1035,[230],his,,5,[],-1
1035,[231],michael,MALE,9,[735],24
1035,[104],aziraphale,MALE,1,[321],4
1035,[237],azrael,MALE,1,[682],-1
1045,[0],crowley,MALE,182,"[162, 235, 132, 159, 347, 379]",8
1045,[120],angel,MALE,1,[347],4
1045,[149],aziraphale,NEUTRAL,6,[235],4
1045,[55],aziraphale,MALE,37,[235],4
1061,[0],miles,UNKNOWN,110,"[392, 3, 220, 114, 133, 169, 418]",-1
1061,[103],He,MALE,2,[],-1
1061,"[10, 125, 91]",crowley,MALE,55,[392],8
1061,"[15, 112, 61]",aziraphale,MALE,40,[169],4
1061,[87],his,,2,[],-1
1061,[25],him,,3,[],-1
1061,[62],his,,3,[],-1
1164,"[96, 17]",aziraphale,MALE,28,[160],4
1164,[33],bentley,UNKNOWN,1,[119],-1
1164,[3],crowley,MALE,8,[129],8
1164,[67],Gabriel,,7,[],14
1164,[37],his,,1,[],-1
1164,[38],Gabriel,,1,[],14
1164,[8],Neil Gaiman,,1,[],-1
1164,[9],pratchett,MALE,1,[19],-1
1164,[12],gabriel,MALE,13,[294],14
1164,"[13, 48]",michael,MALE,11,[187],24
1164,[15],Gabriel,,1,[],14
1164,[47],Gabriel,,1,[],14
1164,[81],Gabriel,,1,[],14
1164,[84],Michael,,1,[],24
1164,[25],he,MALE,2,[],-1
1164,[90],he,MALE,2,[],-1
1164,[61],Michael,,1,[],24
1164,[57],him,,3,[],-1
1209,"[0, 5]",aziraphale,MALE,95,"[1, 370, 339, 236, 272, 277, 278]",4
1209,"[6, 122]",crowley,MALE,73,[370],8
1209,[70],angel,MALE,4,[339],4
1209,[40],wilde,MALE,1,[100],-1
1209,[75],His,,2,[],-1
1209,[19],zira,UNKNOWN,1,[39],-1
1209,[53],his,,3,[],-1
1209,[119],his,,2,[],-1
1209,[93],his,,2,[],-1
1212,"[0, 34]",aziraphale,MALE,80,"[1, 298, 44, 92, 294]",4
1212,[18],crowley,MALE,73,[298],8
1212,[44],he,MALE,1,[],-1
1234,"[1, 128, 153]",gabriel,MALE,42,[560],14
1234,[3],brenda,FEMALE,9,"[18, 216]",-1
1234,[4],He,MALE,8,[],-1
1234,[5],crowley,MALE,21,[338],8
1234,[6],years,UNKNOWN,1,[7],-1
1234,[7],pratchett,MALE,1,[36],-1
1234,[9],mother,FEMALE,1,[15],-1
1234,[13],pointy,UNKNOWN,1,[57],-1
1234,[16],soho,NEUTRAL,1,[86],-1
1234,"[17, 58]",anita,FEMALE,23,"[89, 220]",-1
1234,[22],two,UNKNOWN,2,"[274, 45]",-1
1234,[24],now,UNKNOWN,1,[119],-1
1234,[28],Brenda,,1,[],-1
1234,"[30, 45]",sanders,FEMALE,2,[165],-1
1234,[32],adam,MALE,3,[161],0
1234,[33],her,,1,[],-1
1234,"[34, 37, 39]",fell,MALE,3,[133],-1
1234,[36],one,UNKNOWN,2,"[772, 126]",-1
1234,"[38, 42]",fell,MALE,3,[133],-1
1234,"[46, 68]",talbot,FEMALE,2,[253],-1
1234,[47],sanders,FEMALE,2,"[211, 165]",-1
1234,[49],her,,1,[],-1
1234,[50],aziraphale,MALE,18,"[253, 352]",4
1234,[52],now,UNKNOWN,3,[198],-1
1234,"[53, 54, 176, 193, 220, 228, 235, 261, 263, 269, 322]",fell,MALE,15,[274],-1
1234,[63],beelzebub,NEUTRAL,5,"[245, 297]",5
1234,[71],michael,MALE,8,[337],24
1234,[77],gabriel,MALE,34,[274],14
1234,[79],beeze,UNKNOWN,1,[283],-1
1234,"[83, 98]",anita,FEMALE,36,"[291, 578]",-1
1234,[88],she,FEMALE,1,[],-1
1234,[99],Gabriel,,1,[],14
1234,[113],He,MALE,1,[],-1
1234,[118],beelzebub,NEUTRAL,1,[427],5
1234,"[120, 190, 316, 337]",crowley,MALE,64,[419],8
1234,[123],archer,MALE,1,[401],-1
1234,[149],him,,1,[],-1
1234,[152],She,FEMALE,3,[],-1
1234,[159],her,,1,[],-1
1234,[164],him,,1,[],-1
1234,[168],Gabriel,,1,[],14
1234,[171],three,UNKNOWN,2,"[274, 623]",-1
1234,"[172, 209, 232]",sanders,FEMALE,3,[832],-1
1234,[177],duke,NEUTRAL,2,"[550, 663]",-1
1234,[180],beeze,UNKNOWN,1,[682],-1
1234,[181],he,MALE,3,[],-1
1234,[182],her,,7,[],-1
1234,[183],brenda,FEMALE,2,[737],-1
1234,"[194, 211]",sanders,FEMALE,4,[622],-1
1234,[197],He,MALE,1,[],-1
1234,[199],She,FEMALE,9,[],-1
1234,[200],crowley,MALE,7,[810],8
1234,[201],aziraphale,MALE,15,[851],4
1234,[205],crowley,MALE,2,"[597, 810]",8
1234,[219],him,,1,[],-1
1234,"[224, 236]",fell,MALE,2,[274],-1
1234,[234],She,FEMALE,1,[],-1
1234,[238],shaw,MALE,1,[901],-1
1234,[245],he,MALE,12,[],-1
1234,[250],azzy,UNKNOWN,2,[753],-1
1234,[262],eyes,FEMALE,1,[728],-1
1234,[268],he,MALE,1,[],-1
1234,[279],gabe,MALE,1,[782],-1
1234,"[283, 339]",brenda,FEMALE,111,[772],-1
1234,[299],Gabriel,,1,[],14
1234,[306],Anita,,1,[],-1
1234,[315],Fell,,1,[],-1
1234,[317],fell,MALE,1,[904],-1
1234,[319],his,,2,[],-1
1344,[128],zoe,FEMALE,2,[505],-1
1344,[2],She,FEMALE,1,[],-1
1344,[5],dina,FEMALE,21,[403],-1
1344,[7],his,,1,[],-1
1344,[14],evangelos,MALE,1,[108],-1
1344,"[16, 80]",evan,MALE,33,[209],-1
1344,[144],her,,4,[],-1
1344,[21],his,,4,[],-1
1344,[159],she,FEMALE,1,[],-1
1344,[33],him,,1,[],-1
1344,[43],claire,FEMALE,30,[413],-1
1344,[48],her,,2,[],-1
1344,[63],schabowski,MALE,1,[279],-1
1344,[72],Warlock,,1,[],38
1344,[73],adam,MALE,2,[316],0
1344,[75],evan,NEUTRAL,1,[209],-1
1344,[76],angel,MALE,1,[325],4
1344,[84],Warlock,,1,[],38
1344,[85],adam,MALE,4,[490],0
1344,[89],warlock,MALE,2,[498],38
1344,[91],gabriel,MALE,7,[388],14
1344,[94],device,FEMALE,1,[384],2
1344,[109],Warlock,,1,[],38
1344,[122],He,MALE,2,[],-1
1383,[1],leo,MALE,1,[1],-1
1383,[130],azirphale,UNKNOWN,1,[338],-1
1383,[132],bernard,NEUTRAL,11,[353],-1
1383,[134],aziraphale,NEUTRAL,13,[7],4
1383,[141],her,,3,[],-1
1383,"[14, 84, 115]",aziraphale,MALE,3,[7],4
1383,[153],vinci,MALE,1,[415],-1
1383,[28],earth,NEUTRAL,185,"[7, 20, 21, 93, 112, 113, 187, 230, 285, 310, 335, 346, 427, 448, 470, 497, 517, 515, 516]",-1
1383,[32],aziraphale,MALE,1,[7],4
1383,[161],his,,1,[],-1
1383,[163],cain,MALE,1,[444],-1
1383,[165],ma,MALE,1,[450],-1
1383,[174],harrow,UNKNOWN,2,[484],-1
1383,[178],Etons,,1,[],-1
1383,[180],mayfair,NEUTRAL,1,[493],-1
1383,[182],he,MALE,1,[],-1
1383,"[55, 97, 116]",crowley,MALE,14,[366],8
1383,[57],fell,MALE,2,[167],-1
1383,"[96, 112]",bernard,MALE,2,[7],-1
1383,[111],monsieur,MALE,1,[276],-1
1383,[114],him,,2,[],-1
1383,[122],her,,1,[],-1
1400,"[33, 9]",aziraphale,MALE,34,[325],4
1400,[35],his,,6,[],-1
1400,"[67, 6, 80, 121]",crowley,MALE,67,[155],8
1400,[99],He,MALE,2,[],-1
1400,[131],he,MALE,6,[],-1
1400,[112],zira,UNKNOWN,1,[305],-1
1400,[21],he,MALE,4,[],-1
1511,[1],raphael,MALE,105,[447],-1
1511,[34],hell,UNKNOWN,1,[139],-1
1511,[14],raphael,NEUTRAL,1,[56],-1
1511,[53],raphael,NEUTRAL,1,[447],-1
1511,[21],ba'al,UNKNOWN,3,[554],-1
1511,[117],ba'al,UNKNOWN,3,[499],-1
1512,[0],azirapahle,UNKNOWN,24,"[1, 156, 33]",-1
1512,"[1, 78]",gabriel,MALE,24,[16],14
1512,[4],aziraphale,MALE,35,[156],4
1512,[17],aziraphale,NEUTRAL,1,[156],4
1512,[50],michael,MALE,1,[129],24
1512,[28],his,,12,[],-1
1597,[27],his,,8,[],-1
1597,[17],aziraphale,MALE,20,[321],4
1597,[3],crowley,MALE,61,[218],8
1597,[61],Crowley,,1,[],8
1655,"[0, 5]",aziraphale,MALE,221,"[18, 113, 491, 231, 695]",4
1655,[65],zira,UNKNOWN,1,[151],-1
1655,[97],crowley,NEUTRAL,10,[18],8
1655,[166],pleasssse,NEUTRAL,1,[362],-1
1655,[328],zira,UNKNOWN,1,[696],-1
1655,"[14, 146, 59]",crowley,MALE,167,[18],8
1655,[282],aziraphale,MALE,1,[603],4
1655,[60],aziraphale,NEUTRAL,1,[491],4
1663,[16],aziraphale,MALE,25,[58],4
1663,[3],gabriel,MALE,46,[367],14
1663,"[108, 6]",gabe,MALE,52,[308],-1
1732,[34],adam,MALE,1,[105],0
1732,[3],crowley,MALE,5,[190],8
1732,"[7, 147]",aziraphale,MALE,211,"[2, 556, 33, 233, 49, 58, 205, 358, 388, 389, 571, 448]",4
1732,[103],his,,8,[],-1
1732,[76],She,FEMALE,2,[],-1
1732,[173],aziraphale,NEUTRAL,1,[556],4
1732,"[207, 113, 122]",crowley,MALE,42,[571],8
1732,[20],he,MALE,8,[],-1
1732,[54],crawley,MALE,5,[302],8
1744,"[0, 3, 280, 189]",aziraphale,MALE,275,"[10, 15, 21, 22, 410, 197, 475, 287, 246, 253, 282, 283, 425, 437, 456, 488, 491, 531, 550, 599, 637, 622, 661, 702, 753]",4
1744,[1],garfunkel,MALE,1,[11],-1
1744,[256],adam,MALE,1,[673],0
1744,"[9, 271, 279, 212]",crowley,MALE,132,[410],8
1744,[151],chamberlain,MALE,1,[424],-1
1744,[154],hamlet,UNKNOWN,1,[430],-1
1744,"[36, 64, 240]",crowley,NEUTRAL,3,[410],8
1744,"[165, 175, 221]",antichrist,NEUTRAL,3,[592],0
1744,[46],apep,UNKNOWN,1,[152],-1
1744,[180],antichrist,NEUTRAL,1,[592],0
1744,[185],francis,NEUTRAL,1,[490],-1
1744,[60],eden,UNKNOWN,1,[197],-1
1744,[200],bentley,NEUTRAL,1,[563],-1
1744,[84],aziraphale,NEUTRAL,1,[287],4
1744,[228],antichrist,MALE,1,[592],0
1744,[103],He,MALE,2,[],-1
1744,[231],his,,12,[],-1
1744,[108],his,,13,[],-1
1744,[114],jesus,MALE,1,[341],-1
1744,[251],handel,UNKNOWN,1,[652],-1
1777,"[1, 29]",aziraphale,MALE,94,[492],4
1777,"[3, 39, 146, 63]",crowley,MALE,35,[389],8
1777,[79],crowley,MALE,1,[389],8
1777,[21],him,,1,[],-1
1777,[25],His,,9,[],-1
1778,[388],his,,6,[],-1
1778,"[7, 42, 287]",aziraphale,MALE,125,[422],4
1778,"[296, 41, 76, 270, 113, 360, 57]",crowley,MALE,22,[1182],8
1778,"[10, 110]",crowley,MALE,158,[1182],8
1778,[44],His,,6,[],-1
1778,[176],he,MALE,33,[],-1
1778,[333],his,,11,[],-1
1778,[115],His,,1,[],-1
1778,[397],aziraphale,NEUTRAL,1,[422],4
1783,[0],crowley,MALE,49,"[24, 65, 88, 89]",8
1783,[20],ramsay,MALE,1,[108],-1
1783,[12],aziraphale,MALE,12,[101],4
1783,[13],he,MALE,1,[],-1
1789,"[0, 149, 388, 167, 57, 183, 198]",aziraphale,MALE,604,"[0, 2, 12, 20, 213, 50, 291, 62, 94, 371, 114, 126, 247, 366, 379, 425, 411, 515, 601, 714, 949, 988, 1120, 49, 935, 629, 312, 916, 920, 934, 1048, 1077, 1145, 139, 511, 398]",4
1789,"[1, 151, 188, 206]",crowley,MALE,151,"[5, 482]",8
1789,"[2, 9, 29, 70]",crowley,MALE,229,"[371, 629]",8
1789,[3],eden,UNKNOWN,2,[20],-1
1789,[129],he,MALE,1,[],-1
1789,"[5, 13]",aziraphale,MALE,593,"[291, 711, 60, 99, 160, 199, 237, 374, 399, 507, 623, 701, 774, 784, 885, 915, 923, 1029, 1121, 1140, 1148, 1210, 1193]",4
1789,[386],freddie,UNKNOWN,5,[1233],-1
1789,[4],now,UNKNOWN,119,"[935, 32]",-1
1789,[257],hell,UNKNOWN,6,[760],-1
1789,"[265, 333, 335, 343]",ben,MALE,5,"[833, 1103]",-1
1789,[267],he,MALE,3,[],-1
1789,[140],he,MALE,10,[],-1
1789,[269],millennia,UNKNOWN,1,[850],-1
1789,[17],his,,13,[],-1
1789,[145],aziraphale,MALE,2,"[465, 139]",4
1789,[19],crowley,NEUTRAL,1,[81],8
1789,[20],cabanel,FEMALE,1,[86],-1
1789,[278],aziraphale,NEUTRAL,1,[711],4
1789,[152],second,UNKNOWN,13,[491],-1
1789,[26],aziraphale,MALE,207,"[371, 139]",4
1789,[157],his,,9,[],-1
1789,[30],him,,1,[],-1
1789,[34],Aziraphale,,1,[],4
1789,"[36, 193]",crowley,MALE,3,"[104, 482]",8
1789,[42],bentley,MALE,1,[119],-1
1789,[54],one,UNKNOWN,2,"[371, 193]",-1
1789,[311],pandora,FEMALE,1,[987],-1
1789,[182],aziraphale,MALE,4,"[1102, 935]",4
1789,[185],crowley,NEUTRAL,1,[371],8
1789,[313],aziraphale,NEUTRAL,1,[291],4
1789,[186],crowley,MALE,2,"[627, 629]",8
1789,[59],bentley,NEUTRAL,1,[233],-1
1789,[195],bentley,MALE,1,[652],-1
1789,[69],his,,3,[],-1
1789,[73],young,MALE,1,[226],0
1789,[329],azirpahale,UNKNOWN,2,[941],-1
1789,[201],crowley,MALE,2,"[612, 482]",8
1789,[77],angel,MALE,2,"[272, 511]",4
1789,[337],midnight,UNKNOWN,2,"[371, 1076]",-1
1789,[338],crowley,MALE,1,[711],8
1789,[84],python,NEUTRAL,1,[286],-1
1789,[94],him,,4,[],-1
1789,[354],crowley,MALE,4,"[1124, 1139, 629]",8
1789,[226],He,MALE,1,[],-1
1789,"[356, 251]",crowley,NEUTRAL,2,[629],8
1789,[98],aziraphale,NEUTRAL,1,[139],4
1789,[360],now,UNKNOWN,3,"[1136, 1159, 1025]",-1
1789,[361],now,UNKNOWN,13,"[1161, 1026]",-1
1789,[108],he,MALE,1,[],-1
1789,[109],decades,UNKNOWN,2,"[349, 343]",-1
1789,[238],aziraphale,MALE,1,[822],4
1789,[365],he,MALE,9,[],-1
1789,[241],aziraphale,MALE,2,[828],4
1789,[114],time,NEUTRAL,2,"[711, 341]",-1
1789,[113],crowley,MALE,2,"[360, 482]",8
1789,[116],now,UNKNOWN,2,"[375, 343]",-1
1789,[374],jesus,MALE,7,[1216],-1
1789,[380],Hastur,,1,[],19
1789,[383],dukes,MALE,1,[1209],-1
1824,[0],dearest,UNKNOWN,387,"[2, 937, 105, 225, 468, 444, 475, 65, 746, 787, 797, 1069, 1154, 1164, 1328, 1384]",-1
1824,[1],evening,UNKNOWN,58,[8],-1
1824,[4],valentine,MALE,1,[65],-1
1824,[13],once,UNKNOWN,19,"[65, 31]",-1
1824,[19],valentine,MALE,92,"[355, 155, 167, 358]",-1
1824,[276],she,FEMALE,8,[],-1
1824,[21],bentley,NEUTRAL,1,[57],-1
1824,[278],He,MALE,6,[],-1
1824,"[27, 89]",fell,MALE,48,[937],-1
1824,[290],His,,8,[],-1
1824,[301],crowley,MALE,3,[825],8
1824,[302],she,FEMALE,1,[],-1
1824,[52],him,,7,[],-1
1824,[309],ashtoreth,FEMALE,1,[851],-1
1824,[191],his,,11,[],-1
1824,[67],his,,17,[],-1
1824,[454],His,,1,[],-1
1824,[459],he,MALE,10,[],-1
1824,"[471, 475, 490]",crowley,MALE,21,[1382],8
1824,[222],his,,19,[],-1
1824,[99],his,,4,[],-1
1824,[103],her,,38,[],-1
1824,[231],her,,19,[],-1
1824,[363],his,,2,[],-1
1824,[108],his,,9,[],-1
1824,[371],He,MALE,49,[],-1
1824,[499],cro,UNKNOWN,1,[1388],-1
1824,[123],his,,21,[],-1
1824,[252],fell,MALE,1,[689],-1
1840,[0],incident,NEUTRAL,702,"[34, 150, 80, 131, 193, 429, 277, 510, 457, 458, 459, 520, 541, 606, 7, 48, 161, 485, 127, 350, 533, 545, 546, 588, 631, 139, 362, 304, 381, 562, 607, 13, 74, 76, 174, 175, 257, 323, 564, 651, 672, 262, 36, 319, 219]",-1
1840,[1],crowley,MALE,38,"[0, 8, 1, 4, 319]",8
1840,[130],she,FEMALE,4,[],-1
1840,[3],days,UNKNOWN,3,"[10, 50, 12]",-1
1840,[2],aziraphale,MALE,47,"[1, 19, 15, 262]",4
1840,[129],one,UNKNOWN,4,[431],-1
1840,[136],gates,NEUTRAL,1,[561],-1
1840,[137],eden,UNKNOWN,1,[672],-1
1840,[10],gates,NEUTRAL,2,"[72, 88]",-1
1840,[139],crowley,NEUTRAL,3,"[569, 417, 277]",8
1840,[13],first,NEUTRAL,23,"[510, 52, 44]",-1
1840,[16],his,,17,[],-1
1840,[144],one,UNKNOWN,3,"[459, 633]",-1
1840,[20],aziraphale,MALE,54,"[50, 485, 326]",4
1840,"[149, 89]",crowley,MALE,4,"[582, 505, 277]",8
1840,[23],he,MALE,15,[],-1
1840,[24],two,UNKNOWN,25,"[127, 118]",-1
1840,[152],17,UNKNOWN,2,"[127, 486]",-1
1840,[26],eden,UNKNOWN,1,[371],-1
1840,[155],tonight,UNKNOWN,5,"[611, 492]",-1
1840,[156],Her,,1,[],-1
1840,[157],Her,,5,[],-1
1840,[30],crowley,NEUTRAL,3,"[84, 142, 91]",8
1840,[25],his,,3,[],-1
1840,[160],he,MALE,1,[],-1
1840,[162],13,UNKNOWN,2,[546],-1
1840,"[36, 87, 111]",crowley,MALE,3,[29],8
1840,[37],week,UNKNOWN,5,"[96, 201, 176]",-1
1840,[39],aziraphale,MALE,1,[127],4
1840,[170],beelzebub,NEUTRAL,2,[631],5
1840,[43],aziraphale,MALE,1,[139],4
1840,[171],crowley,MALE,225,"[570, 29, 64, 69, 98, 182, 376, 516]",8
1840,[46],one,UNKNOWN,2,"[634, 213]",-1
1840,[174],his,,1,[],-1
1840,[51],one,UNKNOWN,2,"[150, 142]",-1
1840,[52],aziraphale,NEUTRAL,2,"[160, 127]",4
1840,[180],him,,1,[],-1
1840,[54],Her,,11,[],-1
1840,[55],one,UNKNOWN,25,"[634, 254]",-1
1840,[58],crowley,MALE,3,"[510, 187, 277]",8
1840,[59],current,UNKNOWN,8,[172],-1
1840,[63],crowley,NEUTRAL,3,"[189, 237, 277]",8
1840,[66],crowley,MALE,2,"[245, 262]",8
1840,[67],Her,,1,[],-1
1840,[68],angel,MALE,17,[288],4
1840,[69],crowley,MALE,28,"[150, 29]",8
1840,[73],his,,6,[],-1
1840,[77],once,UNKNOWN,3,"[313, 260]",-1
1840,[81],secretly,UNKNOWN,5,"[150, 272, 248, 324, 253]",-1
1840,[83],queen,FEMALE,12,"[329, 309]",-1
1840,[88],aziraphale,NEUTRAL,4,[262],4
1840,[90],one,UNKNOWN,3,"[510, 289, 355]",-1
1840,[95],angel,MALE,3,"[282, 312]",4
1840,[97],crowley,MALE,54,"[316, 277]",8
1840,[101],angel,MALE,2,"[320, 300]",4
1840,[102],aziraphale,NEUTRAL,3,"[311, 262]",4
1840,[106],day,UNKNOWN,3,"[353, 330]",-1
1840,[107],now,UNKNOWN,4,"[433, 634, 381]",-1
1840,[108],crowley,MALE,93,"[455, 371]",8
1840,[109],crowley,MALE,30,"[520, 372, 319]",8
1840,[110],majesty,FEMALE,1,[485],-1
1840,[112],17,UNKNOWN,5,"[504, 396]",-1
1840,[115],time,NEUTRAL,2,"[150, 410]",-1
1840,[118],18,UNKNOWN,10,[412],-1
1840,[120],angel,MALE,3,"[416, 516]",4
1840,[123],summer,UNKNOWN,26,"[515, 326, 419]",-1
1840,[124],summer,UNKNOWN,17,[426],-1
1852,[36],leonardo,MALE,1,[99],-1
1852,[37],bates,FEMALE,1,[100],-1
1852,"[9, 16, 84]",crowley,MALE,48,[158],8
1852,[14],he,MALE,1,[],-1
1852,[80],He,MALE,5,[],-1
1852,[21],crowley,MALE,1,[158],8
1852,[55],HE,MALE,1,[],-1
1852,[24],aziraphale,MALE,9,[74],4
1852,[91],ding,MALE,1,[268],-1
1852,[60],scott,MALE,1,[172],-1
1864,[1],crowley,MALE,19,[107],8
1864,[37],He,MALE,4,[],-1
1864,[14],her,,1,[],-1
1864,[23],aziraphale,MALE,6,[150],4
1865,"[0, 4]",aziraphale,MALE,58,"[3, 133, 161]",4
1865,[2],him,,1,[],-1
1865,"[5, 37]",crowley,MALE,34,[161],8
1877,[3],Aziraphale,,14,[],4
1877,"[6, 24, 167, 219, 114]",crowley,MALE,20,[527],8
1877,"[17, 186, 211]",aziraphale,MALE,61,[635],4
1877,"[27, 42, 97, 125]",crowley,MALE,96,[527],8
1877,[160],angel,MALE,1,[630],4
1877,[200],his,,8,[],-1
1877,[90],lilibeth,FEMALE,18,[545],-1
1877,[100],gallo,MALE,1,[398],-1
1877,[101],manny,FEMALE,1,[413],-1
1877,[102],pacman,MALE,1,[407],-1
1877,[103],pop,UNKNOWN,1,[408],-1
1877,[104],her,,1,[],-1
1877,[105],he,MALE,1,[],-1
1877,[238],warlock,MALE,1,[877],38
1877,[239],adams,MALE,1,[878],-1
1879,[0],clouds,UNKNOWN,171,"[68, 14, 71, 602, 263, 265, 354, 359, 430, 463, 543, 595, 628]",-1
1879,"[1, 153]",aziraphale,MALE,41,[14],4
1879,"[2, 140]",crowley,MALE,63,[602],8
1879,[134],him,,2,[],-1
1879,[135],him,,1,[],-1
1879,"[8, 25, 33]",bentley,NEUTRAL,3,[98],-1
1879,[136],him,,1,[],-1
1879,"[141, 126]",lomond,NEUTRAL,2,[535],-1
1879,[142],hendry,MALE,2,[573],-1
1879,[26],his,,6,[],-1
1879,[154],he,MALE,1,[],-1
1879,[166],lom,NEUTRAL,1,[641],-1
1879,[41],Crowley,,1,[],8
1879,[94],macdonald,MALE,1,[340],-1
1879,[96],charlie,MALE,1,[342],-1
1879,[100],charlie,NEUTRAL,1,[351],-1
1879,[114],he,MALE,1,[],-1
1879,[122],lomond,NEUTRAL,1,[426],-1
1879,[125],beelzebub,NEUTRAL,1,[441],5
1880,[64],his,,20,[],-1
1880,[161],his,,4,[],-1
1880,"[7, 138, 54]",aziraphale,NEUTRAL,28,[337],4
1880,[71],Her,,1,[],-1
1880,"[9, 186]",crowley,MALE,70,[544],8
1880,"[10, 153]",aziraphale,MALE,58,[337],4
1880,[200],his,,12,[],-1
1880,[174],his,,5,[],-1
1880,[47],vesuvius,NEUTRAL,1,[177],-1
1880,[16],shakespeare,MALE,1,[55],-1
1880,[48],he,MALE,1,[],-1
1880,[28],gabriel,MALE,1,[87],14
1883,[65],bentley,NEUTRAL,1,[247],-1
1883,[289],crowley,MALE,40,[1202],8
1883,"[260, 141, 23, 284]",crowley,MALE,111,[1275],8
1883,[261],his,,4,[],-1
1883,"[6, 22]",aziraphale,MALE,61,[247],4
1883,[135],crowley,NEUTRAL,1,[1275],8
1883,[296],He,MALE,7,[],-1
1883,"[60, 149, 29]",crowley,MALE,3,[1275],8
1883,[47],him,,1,[],-1
1883,[176],he,MALE,3,[],-1
1883,[117],Crowley,,1,[],8
1883,[150],he,MALE,6,[],-1
1883,[282],anthony,MALE,3,[1178],-1
1884,"[96, 10, 50, 20, 87]",crowley,MALE,29,[348],8
1884,[98],he,MALE,4,[],-1
1884,"[9, 14]",aziraphale,MALE,21,[429],4
1884,[12],He,MALE,2,[],-1
1884,[44],monument,MALE,1,[173],-1
1884,[51],He,MALE,1,[],-1
1884,[86],crowley,MALE,1,[348],8
1884,[91],gabriel,MALE,3,[403],14
1910,"[128, 143, 540, 418, 600, 478, 251]",crowley,MALE,94,[179],8
1910,"[2, 386, 13, 655, 433, 322, 214]",aziraphale,MALE,583,[179],4
1910,[268],He,MALE,1,[],-1
1910,"[272, 343]",aziraphale,MALE,2,[179],4
1910,[656],his,,8,[],-1
1910,[22],hell,UNKNOWN,2,[58],-1
1910,"[150, 152]",agnes,FEMALE,3,[411],1
1910,[668],him,,1,[],-1
1910,[680],him,,1,[],-1
1910,[172],him,,1,[],-1
1910,"[181, 508]",crowley,NEUTRAL,2,[179],8
1910,"[72, 100]",ligur,MALE,3,[229],21
1910,[328],bentley,NEUTRAL,1,[1014],-1
1910,[329],bentley,NEUTRAL,1,[1016],-1
1910,[599],crowley,MALE,1,[1658],8
1910,[220],him,,2,[],-1
1910,[225],crowley,MALE,1,[179],8
1910,[623],him,,3,[],-1
1910,[510],aziraphale,NEUTRAL,1,[179],4
1910,[255],he,MALE,2,[],-1
1985,[7],aziraphale,MALE,29,[213],4
1985,[8],he,MALE,1,[],-1
1985,[137],john,MALE,1,[538],-1
1985,[74],He,MALE,6,[],-1
1985,[14],crowley,MALE,28,[365],8
1985,[125],dan,MALE,5,[492],-1
1985,[118],clarke,MALE,1,[467],-1
1985,[121],hill,MALE,1,[477],-1
1985,[123],his,,2,[],-1
1985,[93],he,MALE,1,[],-1
1988,[161],azriaphale,UNKNOWN,1,[577],-1
1988,[185],tom,MALE,5,[668],-1
1988,[165],crowley,MALE,22,[590],8
1988,[38],crowley,MALE,1,[98],8
1988,[71],tom,MALE,1,[36],-1
1988,"[72, 84, 152]",crowley,MALE,131,[36],8
1988,"[135, 141]",gabriel,MALE,6,[478],14
1988,"[75, 22, 29]",fell,MALE,3,[76],-1
1988,[140],beelzebub,NEUTRAL,1,[450],5
1988,"[77, 63]",aziraphale,MALE,20,[36],4
1988,[142],him,,1,[],-1
1988,[121],aziraphale,MALE,1,[36],4
1988,[154],she,FEMALE,3,[],-1
1988,[31],fell,MALE,1,[76],-1
1989,[65],He,MALE,5,[],-1
1989,[7],câ€™mon,UNKNOWN,144,"[468, 291, 207, 324, 344, 354, 429, 435]",-1
1989,"[72, 12, 60, 28]",crowley,MALE,42,[207],8
1989,[44],crowley,MALE,1,[207],8
1989,[109],woods,MALE,1,[440],-1
1989,[110],marlowe,MALE,1,[450],-1
1989,[113],His,,1,[],-1
1989,[19],aziraphale,NEUTRAL,19,[468],4
2024,"[7, 71, 17]",crowley,MALE,68,[297],8
2024,"[42, 63]",crowley,MALE,2,[297],8
2024,[45],aziraphale,MALE,11,[297],4
2048,"[33, 2, 7, 17, 50]",crowley,MALE,30,[89],8
2048,"[5, 60]",aziraphale,MALE,16,[39],4
2048,[13],zira,UNKNOWN,4,[204],-1
2048,[18],crowley,NEUTRAL,1,[89],8
2053,[2],Fell,,1,[],-1
2053,[3],crowley,MALE,1,[14],8
2053,"[6, 20, 23]",privett,FEMALE,3,[156],-1
2053,[38],crowley,MALE,1,[133],8
2053,[11],privett,MALE,6,[156],-1
2053,"[47, 16, 18]",fell,MALE,3,[176],-1
2053,[17],crowley,MALE,1,[68],8
2053,[48],He,MALE,1,[],-1
2053,[21],crowley,MALE,1,[80],8
2053,[28],he,MALE,13,[],-1
2062,[0],baby,UNKNOWN,192,"[0, 6, 7, 268, 46, 47, 57, 83, 113, 252, 282, 271, 298, 481, 482, 489, 86, 500, 573, 519, 681]",-1
2062,"[1, 129, 19, 217]",crowley,MALE,40,[86],8
2062,"[131, 4, 35, 173]",aziraphale,MALE,93,[268],4
2062,[137],aziraphale,MALE,1,[268],4
2062,[10],her,,1,[],-1
2062,[14],He,MALE,1,[],-1
2062,[15],zira,UNKNOWN,1,[43],-1
2062,[20],tianna,FEMALE,18,[77],-1
2062,[36],she,FEMALE,5,[],-1
2062,[179],shadwell,MALE,1,[472],31
2062,[78],shadwell,MALE,1,[231],31
2062,[87],newt,MALE,1,[267],25
2062,[91],newt,MALE,1,[312],25
2062,[93],his,,11,[],-1
2062,[223],he,MALE,4,[],-1
2062,[96],gabriel,MALE,12,[335],14
2062,[225],Tianna,,1,[],-1
2062,[100],beach,MALE,14,[389],-1
2062,[230],He,MALE,1,[],-1
2062,[105],maddy,UNKNOWN,2,[295],-1
2062,[106],holly,UNKNOWN,1,[294],-1
2062,[126],jim,MALE,1,[389],-1
2105,"[3, 6, 57, 75, 80, 98]",aziraphale,MALE,71,[422],4
2105,"[133, 151, 191, 87, 114]",crowley,MALE,94,[719],8
2105,"[12, 78]",aziraphale,MALE,2,[422],4
2105,[140],azriaphale,UNKNOWN,7,[443],-1
2105,[145],serpent,NEUTRAL,1,[445],-1
2105,[20],bentley,NEUTRAL,1,[54],-1
2105,[149],him,,9,[],-1
2105,[156],aziraphale,NEUTRAL,1,[422],4
2105,[30],He,MALE,1,[],-1
2105,[160],Aziraphale,,1,[],4
2105,[49],him,,1,[],-1
2105,[192],shakespeare,MALE,1,[618],-1
2105,[194],juliet,FEMALE,1,[619],-1
2105,[67],crowley,NEUTRAL,1,[719],8
2105,[196],him,,1,[],-1
2105,[197],He,MALE,1,[],-1
2105,"[101, 120]",crowley,MALE,2,[719],8
2115,[0],anathema,NEUTRAL,210,"[158, 382, 64, 71, 313, 118, 131, 134, 212, 217, 245, 157, 395, 375, 522, 646, 736, 752, 785, 791]",2
2115,[65],zira,UNKNOWN,3,[365],-1
2115,[5],michael,MALE,1,[9],24
2115,[6],aziraphale,MALE,148,[158],4
2115,[167],gabriel,MALE,4,[774],14
2115,"[200, 206, 151, 122]",crowley,MALE,24,[157],8
2115,[106],He,MALE,2,[],-1
2115,[268],his,,2,[],-1
2115,[17],crowley,MALE,71,[157],8
2115,[57],his,,4,[],-1
2137,"[4, 136, 143, 155, 168, 109, 239, 241]",crowley,MALE,116,[745],8
2137,[6],aziraphale,MALE,39,[25],4
2137,"[137, 54, 111]",crowley,MALE,3,[745],8
2137,"[12, 126]",aziraphale,MALE,116,[775],4
2137,[15],aziraphale,NEUTRAL,1,[775],4
2137,"[154, 122]",crowley,NEUTRAL,2,[745],8
2137,[283],him,,2,[],-1
2137,[294],his,,4,[],-1
2137,[75],he,MALE,2,[],-1
2137,[221],He,MALE,2,[],-1
2137,[236],him,,1,[],-1
2137,[240],crowley,MALE,1,[745],8
2137,[252],his,,9,[],-1
2163,[0],dress,UNKNOWN,64,"[0, 28, 50, 270, 231, 132, 277, 286]",-1
2163,[66],her,,1,[],-1
2163,[4],lauren,FEMALE,32,[132],-1
2163,"[36, 50]",angel,MALE,9,[270],4
2163,"[42, 27]",olivia,FEMALE,7,[132],-1
2181,[32],He,MALE,8,[],-1
2181,"[4, 39, 48]",aziraphale,MALE,3,[258],4
2181,[5],crowley,MALE,33,[287],8
2181,[7],aziraphale,MALE,11,[258],4
2185,"[0, 129, 261, 148, 162, 312, 102, 244, 125]",crowley,MALE,416,"[660, 87, 379, 381, 384, 396, 489, 622, 640, 880, 896]",8
2185,[131],He,MALE,9,[],-1
2185,[259],crowley,NEUTRAL,1,[660],8
2185,[7],aziraphale,NEUTRAL,41,[660],4
2185,"[151, 193, 248]",crowley,MALE,3,[660],8
2185,"[289, 224]",aziraphale,MALE,2,[660],4
2185,[167],eden,UNKNOWN,1,[496],-1
2185,[327],He,MALE,9,[],-1
2185,[219],his,,1,[],-1
2185,[96],crowley,NEUTRAL,1,[227],8
2185,[108],he,MALE,5,[],-1
2211,"[0, 40, 319]",aziraphale,MALE,322,"[1060, 94, 229, 203, 264, 290, 717, 479, 654, 804, 895]",4
2211,[1],heathen,MALE,85,"[0, 490, 299, 373, 470, 560, 581, 584]",-1
2211,[2],millennia,UNKNOWN,26,[4],-1
2211,[6],aziraphale,MALE,174,"[1060, 490]",4
2211,"[9, 143, 147, 288, 164, 103]",crowley,MALE,132,[1060],8
2211,[15],his,,2,[],-1
2211,[274],His,,1,[],-1
2211,"[151, 299]",crowley,MALE,2,[1060],8
2211,[25],his,,1,[],-1
2211,"[157, 107]",crowley,NEUTRAL,2,[490],8
2211,[162],now,UNKNOWN,2,[479],-1
2211,[45],fell,MALE,2,[217],-1
2211,[52],he,MALE,1,[],-1
2211,[56],crowley,NEUTRAL,2,"[237, 490]",8
2211,[204],he,MALE,5,[],-1
2211,[77],her,,1,[],-1
2211,[78],cranky,UNKNOWN,1,[332],-1
2211,[88],she,FEMALE,6,[],-1
2211,[124],She,FEMALE,11,[],-1
2215,[0],aziraphale,MALE,95,"[82, 23, 68, 84, 118]",4
2215,[11],crowley,MALE,3,[250],8
2215,"[55, 88, 92]",dorian,UNKNOWN,15,[225],-1
2215,[90],dorian,UNKNOWN,1,[225],-1
2221,[2],beelz,UNKNOWN,67,"[133, 30, 82, 132, 96, 101, 156]",-1
2221,[5],his,,10,[],-1
2221,[19],lucifer,MALE,10,[144],30
2221,[26],beelzebub,NEUTRAL,1,[132],5
2221,[27],gabriel,MALE,2,[133],14
2231,"[66, 5, 138, 178, 275]",crowley,MALE,213,[23],8
2231,"[131, 136, 144, 147, 156]",aziraphale,MALE,54,[23],4
2231,[194],he,MALE,2,[],-1
2231,[195],her,,2,[],-1
2231,[79],crowley,MALE,1,[23],8
2231,"[115, 179]",aziraphale,MALE,2,[23],4
2231,[254],aziraphale,MALE,1,[23],4
2248,"[0, 13]",beelzebub,NEUTRAL,80,"[5, 30, 79, 90, 120, 121, 158, 163, 164, 180, 190, 191, 199, 209, 257, 258, 235]",5
2248,"[2, 51]",gabriel,MALE,24,[247],14
2248,[36],him,,1,[],-1
2248,[7],prince,MALE,1,[29],-1
2248,[71],tingle,MALE,1,[277],-1
2248,[29],ze,MALE,3,[183],-1
2248,[31],valentine,MALE,4,[252],-1
2280,[3],aziraphale,MALE,23,[183],4
2280,[39],him,,1,[],-1
2280,[11],crowley,MALE,24,[85],8
2280,[45],him,,3,[],-1
2280,[52],him,,3,[],-1
2307,[0],poetry,NEUTRAL,89,"[30, 401, 444]",-1
2307,"[64, 97, 12, 111, 86]",crowley,MALE,16,[30],8
2307,"[3, 36, 7, 76, 90]",aziraphale,MALE,92,[30],4
2307,[130],crowley,MALE,1,[441],8
2307,[72],He,MALE,1,[],-1
2307,[113],aziraphale,MALE,1,[30],4
2307,[53],vinci,MALE,1,[177],-1
2307,[55],sappho,FEMALE,1,[192],-1
2307,[56],her,,3,[],-1
2307,[61],him,,2,[],-1
2354,"[97, 2]",crowley,MALE,14,[355],8
2354,[35],aziraphale,NEUTRAL,11,[181],4
2354,[110],lo,MALE,135,"[355, 216, 274, 443, 444, 483, 496, 497]",-1
2354,[48],aziraphale,MALE,46,[418],4
2370,[34],his,,1,[],-1
2370,"[134, 46]",aziraphale,MALE,49,[623],4
2370,[137],Adam,,1,[],0
2370,[42],eden,UNKNOWN,1,[238],-1
2370,[138],eve,UNKNOWN,1,[641],-1
2370,[44],his,,8,[],-1
2370,[79],crawly,UNKNOWN,10,[400],-1
2370,[54],his,,6,[],-1
2370,[120],his,,6,[],-1
2370,[26],Adam,,1,[],0
2370,[27],eve,UNKNOWN,2,[138],-1
2370,[29],adam,MALE,1,[140],0
2370,[30],Adam,,1,[],0
2381,"[2, 44]",aziraphale,MALE,31,[69],4
2381,"[40, 9]",crowley,MALE,6,[56],8
2381,[11],crowley,MALE,11,[56],8
2505,"[1, 12]",aziraphale,MALE,69,[131],4
2505,[108],his,,1,[],-1
2505,[110],raphael,FEMALE,1,[410],-1
2505,[88],brenda,FEMALE,2,[312],-1
2505,[89],brenda,FEMALE,13,[341],-1
2529,[17],aziraphale,MALE,23,[142],4
2529,[3],crowley,MALE,55,"[12, 135]",8
2585,[0],lord,MALE,215,"[0, 148, 149, 591, 307, 545, 598, 645, 665, 733, 781, 807, 848, 849, 865, 867]",15
2585,[1],he,MALE,1,[],-1
2585,[256],he,MALE,1,[],-1
2585,"[3, 258, 203]",aziraphale,MALE,170,[591],4
2585,"[263, 221, 116, 118]",crowley,MALE,19,[591],8
2585,"[268, 255]",bentley,NEUTRAL,2,[889],-1
2585,[168],he,MALE,8,[],-1
2585,[297],fortnum,FEMALE,1,[945],-1
2585,[299],crowley,NEUTRAL,1,[591],8
2585,[47],his,,21,[],-1
2585,[199],him,,1,[],-1
2585,[213],Crowley,,1,[],8
2585,[88],ibsen,MALE,1,[244],-1
2585,[120],he,MALE,7,[],-1
2585,[237],beckett,MALE,1,[771],-1
2585,[238],Nora,,1,[],-1
2585,[239],torvald,MALE,5,[823],-1
2585,[241],Nora,,1,[],-1
2585,"[244, 247]",nora,FEMALE,4,[826],-1
2585,[248],rank,MALE,1,[816],-1
2619,[4],aziraphale,MALE,29,[209],4
2619,[11],he,MALE,4,[],-1
2619,[12],crowley,MALE,55,[189],8
2619,[117],he,MALE,1,[],-1
2619,[93],crowley,MALE,1,[287],8
2636,[56],crowley,MALE,3,[145],8
2636,[1],raphael,MALE,47,[95],-1
2636,[59],angel,MALE,1,[154],4
2636,[49],Her,,1,[],-1
2654,[0],crowley,MALE,36,"[37, 2, 76, 61, 67]",8
2654,[2],his,,2,[],-1
2654,[20],aziraphale,MALE,2,[76],4
2654,[5],aziraphale,MALE,1,[30],4
2704,[128],micheal,MALE,1,[447],-1
2704,[130],She,FEMALE,12,[],-1
2704,[4],crowley,MALE,465,"[15, 717, 47, 521, 269, 125, 90, 91, 348, 147, 320, 335, 336, 713, 658, 668, 692, 729, 730, 801, 812, 990, 949, 877, 945, 994, 1083, 1180, 1202]",8
2704,[5],aziraphale,MALE,31,"[30, 713]",4
2704,[261],him,,1,[],-1
2704,[263],angel,MALE,1,[1070],4
2704,[8],she,FEMALE,7,[],-1
2704,[264],warlock,MALE,3,[1211],38
2704,[155],one,UNKNOWN,2,[523],-1
2704,"[273, 126]",aziraphale,MALE,31,[1101],4
2704,[145],angel,MALE,1,[646],4
2704,[275],lovecraft,MALE,1,[1111],-1
2704,[21],hundred,UNKNOWN,2,"[93, 60]",-1
2704,[278],He,MALE,3,[],-1
2704,[150],antichrist,MALE,1,[693],0
2704,[24],camael,UNKNOWN,14,"[198, 521]",-1
2704,[153],antichrist,MALE,1,[696],0
2704,[26],raphael,MALE,7,"[213, 97]",-1
2704,[281],Aziraphale,,1,[],4
2704,[28],ezekiel,MALE,8,"[115, 80]",-1
2704,[156],shadwell,MALE,11,"[653, 846]",31
2704,[157],gabriel,MALE,7,[886],14
2704,[283],seraphiel,UNKNOWN,7,[1205],-1
2704,[285],mother,FEMALE,1,[1249],-1
2704,"[288, 292, 312]",jehoel,UNKNOWN,8,[1235],-1
2704,"[34, 62]",lucifer,MALE,7,[263],30
2704,[27],Cameal,,1,[],-1
2704,[29],rephael,UNKNOWN,1,[69],-1
2704,[40],jehoel,UNKNOWN,15,[213],-1
2704,[168],her,,6,[],-1
2704,[171],newt,MALE,6,"[592, 927]",25
2704,[172],ligur,NEUTRAL,2,[602],21
2704,[46],rahael,MALE,3,"[192, 125]",-1
2704,[303],dowling,MALE,2,[1332],18
2704,[50],Her,,21,[],-1
2704,[179],tracy,FEMALE,2,[919],22
2704,[186],her,,1,[],-1
2704,[315],seraphial,UNKNOWN,7,[1385],-1
2704,[187],six,UNKNOWN,1,[696],-1
2704,[61],craziel,MALE,1,[253],-1
2704,[189],angel,MALE,3,"[698, 990]",4
2704,[324],Aziraphale,,1,[],4
2704,[72],raphie,UNKNOWN,1,[252],-1
2704,[200],first,NEUTRAL,2,[758],-1
2704,[74],one,UNKNOWN,2,"[263, 247]",-1
2704,[330],crowley,MALE,30,[1039],8
2704,[202],antichrist,MALE,5,[908],0
2704,[331],aziraphale,MALE,17,[1728],4
2704,[201],adam,MALE,1,[900],0
2704,[204],him,,1,[],-1
2704,[206],tracy,FEMALE,2,"[787, 919]",22
2704,[208],newt,MALE,2,"[817, 927]",25
2704,[209],now,UNKNOWN,2,[830],-1
2704,[211],warlock,NEUTRAL,2,"[852, 955]",38
2704,[86],grace,NEUTRAL,1,[307],-1
2704,[343],He,MALE,1,[],-1
2704,[92],camael,UNKNOWN,4,[368],-1
2704,[221],beezlebub,UNKNOWN,3,[920],-1
2704,[220],him,,1,[],-1
2704,[225],antichrist,MALE,2,"[938, 908]",0
2704,[226],dowlings,UNKNOWN,3,"[948, 1004]",-1
2704,[101],nutter,FEMALE,1,[355],1
2704,[358],Aziraphale,,1,[],4
2704,[104],one,UNKNOWN,2,"[363, 436]",-1
2704,[232],soho,NEUTRAL,3,[976],-1
2704,[106],one,UNKNOWN,2,"[390, 446]",-1
2704,[108],he,MALE,7,[],-1
2704,[365],aira,MALE,19,[1633],-1
2704,"[367, 381, 383]",aira,UNKNOWN,7,[1686],-1
2704,[239],day,UNKNOWN,2,[994],-1
2704,[114],crowley,NEUTRAL,1,[1039],8
2704,[243],brian,MALE,3,"[998, 1135]",7
2704,[25],ezekial,MALE,2,"[103, 67]",-1
2704,[253],tracy,FEMALE,1,[1202],22
2704,[250],Aziraphale,,1,[],4
2704,[124],aira,UNKNOWN,1,[717],-1
2704,[125],warlock,MALE,1,[429],38
2775,[0],ivy,UNKNOWN,119,"[483, 511]",-1
2775,"[5, 13]",bentley,UNKNOWN,2,[74],-1
2775,[7],his,,1,[],-1
2775,"[10, 12, 15]",bentley,NEUTRAL,3,[74],-1
2775,[14],bentley,UNKNOWN,1,[74],-1
2775,[17],He,MALE,34,[],-1
2775,[35],his,,1,[],-1
2775,[36],his,,5,[],-1
2775,[46],his,,2,[],-1
2775,[49],his,,1,[],-1
2775,[55],him,,4,[],-1
2775,[60],bradbury,MALE,1,[301],-1
2775,[65],dante,MALE,1,[364],-1
2775,[67],He,MALE,2,[],-1
2775,[74],Bentley,,1,[],-1
2775,[78],he,MALE,7,[],-1
2775,[87],his,,1,[],-1
2775,[89],him,,12,[],-1
2775,[100],bentley,NEUTRAL,1,[564],-1
2796,[4],beelzebub,NEUTRAL,19,[160],5
2796,"[5, 56]",gabriel,MALE,23,[156],14
2796,[8],crowley,MALE,4,[152],8
2796,[9],aziraphale,MALE,1,[31],4
2796,[17],zir,UNKNOWN,1,[61],-1
2796,[23],aziraphale,MALE,1,[153],4
2796,[58],ze,MALE,9,[182],-1
2797,[0],eridanus,UNKNOWN,83,"[334, 50, 262, 263]",-1
2797,"[1, 10, 45, 82, 28]",crowley,MALE,60,[235],8
2797,"[3, 108, 86]",aziraphale,MALE,40,[334],4
2797,[103],crowley,NEUTRAL,1,[235],8
2797,[104],him,,5,[],-1
2797,[113],crowley,MALE,1,[235],8
2834,"[0, 2, 40, 112, 289]",aziraphale,MALE,1176,"[100, 108, 1877, 262, 318, 324, 521, 705, 710, 711, 765, 838, 839, 873, 1535, 1592, 1839, 0, 4, 60, 172, 123, 343, 443, 462, 606, 601, 907, 982, 1172, 1183]",4
2834,[3],now,UNKNOWN,146,"[1121, 9]",-1
2834,[4],shelley,NEUTRAL,1,[22],-1
2834,[5],shelley,FEMALE,2,[22],-1
2834,[6],rose,MALE,6,[20],-1
2834,"[10, 274]",crowley,MALE,86,"[21, 601]",8
2834,[527],david,MALE,5,[1516],-1
2834,[534],anthony,MALE,1,[1409],-1
2834,[535],beth,FEMALE,8,[1410],-1
2834,[23],her,,1,[],-1
2834,[27],He,MALE,1,[],-1
2834,[35],crowley,NEUTRAL,1,[601],8
2834,[36],joyce,MALE,7,[210],-1
2834,[551],aziraphale,NEUTRAL,1,[1877],4
2834,[43],evenings,UNKNOWN,6,[107],-1
2834,[65],joyce,MALE,1,[177],-1
2834,"[72, 83, 674, 703, 307, 389]",crowley,MALE,6,[1121],8
2834,[74],she,FEMALE,1,[],-1
2834,[75],brenda,NEUTRAL,1,[209],-1
2834,[77],now,UNKNOWN,1,[210],-1
2834,[78],anthony,MALE,1,[222],-1
2834,[85],wilde,MALE,1,[258],-1
2834,[87],one,UNKNOWN,2,"[260, 243]",-1
2834,[88],two,UNKNOWN,2,"[263, 242]",-1
2834,[602],maggie,FEMALE,44,[1680],-1
2834,[93],crowley,MALE,12,[265],8
2834,[612],armageddon,NEUTRAL,1,[1625],-1
2834,[103],now,UNKNOWN,3,[306],-1
2834,[117],beth,FEMALE,2,[332],-1
2834,[121],ezra,MALE,2,[335],-1
2834,[644],david,MALE,1,[1712],-1
2834,[136],evening,UNKNOWN,2,"[1121, 369]",-1
2834,[140],two,UNKNOWN,28,"[760, 375]",-1
2834,[658],seth,MALE,1,[1737],-1
2834,[148],fell,MALE,1,[425],-1
2834,[151],her,,1,[],-1
2834,[664],rose,MALE,5,[1835],-1
2834,[158],Crowley,,1,[],8
2834,[159],one,UNKNOWN,5,[446],-1
2834,"[170, 175]",hannah,FEMALE,16,[524],-1
2834,[174],ezra,MALE,1,[487],-1
2834,[178],She,FEMALE,4,[],-1
2834,[179],rose,MALE,2,[584],-1
2834,[182],hannah,NEUTRAL,1,[524],-1
2834,[185],maggie,FEMALE,1,[523],-1
2834,[188],ezra,MALE,6,[698],-1
2834,[194],maggie,FEMALE,34,[958],-1
2834,[201],sixth,MALE,2,"[590, 587]",-1
2834,[203],ezra,MALE,1,[598],-1
2834,[205],november,NEUTRAL,5,"[604, 602]",-1
2834,[206],maggie,FEMALE,1,[603],-1
2834,[207],christmas,NEUTRAL,14,"[610, 653]",-1
2834,[720],ezra,MALE,1,[1893],-1
2834,[212],rose,MALE,1,[123],-1
2834,[217],dickens,MALE,1,[643],-1
2834,[222],She,FEMALE,1,[],-1
2834,[223],rose,MALE,14,[705],-1
2834,[229],week,UNKNOWN,3,"[746, 671]",-1
2834,[247],she,FEMALE,2,[],-1
2834,[262],Rose,,1,[],-1
2834,[263],hannah,FEMALE,1,[746],-1
2834,[267],She,FEMALE,5,[],-1
2834,[271],anthony,MALE,1,[766],-1
2834,[277],his,,8,[],-1
2834,[296],newt,MALE,2,"[816, 914]",25
2834,[297],Beth,,1,[],-1
2834,[298],david,MALE,1,[910],-1
2834,[299],greg,MALE,1,[911],-1
2834,[306],jane,FEMALE,1,[845],-1
2834,[310],she,FEMALE,12,[],-1
2834,[311],joyce,MALE,6,"[858, 1259]",-1
2834,[312],beth,FEMALE,12,[1285],-1
2834,[313],maggie,FEMALE,2,[1222],-1
2834,[314],darcy,MALE,1,[868],-1
2834,[315],hannah,FEMALE,1,[957],-1
2834,[317],him,,1,[],-1
2834,[329],He,MALE,1,[],-1
2834,[332],Crowley,,1,[],8
2834,[337],his,,3,[],-1
2834,[347],one,UNKNOWN,2,"[958, 1073]",-1
2834,[352],ezra,MALE,1,[970],-1
2834,[355],him,,3,[],-1
2834,[359],anthony,NEUTRAL,1,[985],-1
2834,[372],rose,MALE,4,[1215],-1
2834,[376],hannah,FEMALE,8,[1241],-1
2834,[377],frankenstein,MALE,1,[1197],-1
2834,[386],Ezra,,1,[],-1
2834,[387],seth,MALE,1,[1234],-1
2834,[396],david,MALE,3,[1269],-1
2834,[404],He,MALE,7,[],-1
2834,[411],bentley,NEUTRAL,1,[1316],-1
2834,[421],anthony,NEUTRAL,1,[1144],-1
2834,[443],bentley,NEUTRAL,1,[1197],-1
2834,[468],austen,UNKNOWN,1,[1262],-1
2834,[474],Darcy,,1,[],-1
2834,[475],hannah,FEMALE,3,[1278],-1
2834,[476],bennet,FEMALE,1,[1277],-1
2834,[477],rose,MALE,1,[1271],-1
2834,[481],Rose,,1,[],-1
2834,[492],she,FEMALE,1,[],-1
2834,[494],wilde,MALE,8,[1344],-1
2834,[495],gray,MALE,1,[1319],-1
2834,[500],Crowley,,1,[],8
2846,[512],his,,1,[],-1
2846,"[0, 174, 489]",violet,FEMALE,1327,"[3, 20, 675, 728, 111, 167, 274, 403, 411, 629, 1099, 1292, 1294, 1304, 1451, 1565, 1839, 1861, 166, 26, 185, 180, 356, 381, 571, 475, 564, 626, 918, 922, 939, 975, 1463, 1082, 987, 1039, 1202, 1623, 1438, 1544, 1559, 1699, 88, 31, 49, 279, 161, 200, 284, 294, 297, 317, 337, 341, 342, 388]",-1
2846,[2],liam,MALE,32,"[22, 291]",-1
2846,"[3, 42, 168]",crowley,MALE,95,[473],8
2846,[5],christmas,NEUTRAL,120,"[675, 47, 35]",-1
2846,[6],oscar,MALE,3,"[222, 342]",-1
2846,[7],halloween,NEUTRAL,22,"[473, 102]",-1
2846,"[8, 29]",gwen,FEMALE,56,"[185, 323]",-1
2846,[9],two,UNKNOWN,2,"[19, 62]",-1
2846,[521],Alex,,16,[],-1
2846,"[524, 298]",aziraphale,MALE,83,[1082],4
2846,[12],aziraphale,MALE,8,[200],4
2846,"[529, 228, 446, 460]",crowley,MALE,4,[1463],8
2846,[20],crowley,MALE,5,"[64, 473]",8
2846,[23],rubbish,NEUTRAL,3,"[133, 101]",-1
2846,"[27, 106, 163, 191, 237, 348, 466]",crowley,MALE,246,[728],8
2846,[30],one,UNKNOWN,5,[172],-1
2846,[38],crowley,MALE,9,"[187, 287]",8
2846,"[551, 360]",gwen,FEMALE,24,[1732],-1
2846,[552],her,,3,[],-1
2846,[47],damien,MALE,2,"[473, 155]",-1
2846,[49],daisy,UNKNOWN,1,[157],-1
2846,[51],jaimee,FEMALE,3,"[170, 386]",-1
2846,[566],Gwen,,1,[],-1
2846,[567],violet,FEMALE,1,[1791],-1
2846,[57],his,,6,[],-1
2846,[73],her,,3,[],-1
2846,[75],crowley,NEUTRAL,2,"[236, 287]",8
2846,[588],Alex,,1,[],-1
2846,[77],crowley,NEUTRAL,1,[311],8
2846,[76],gwen,FEMALE,2,"[244, 323]",-1
2846,[87],Gwen,,1,[],-1
2846,[88],Liam,,1,[],-1
2846,[90],He,MALE,24,[],-1
2846,[95],one,UNKNOWN,2,"[185, 405]",-1
2846,[125],gwen,FEMALE,4,[372],-1
2846,[131],day,UNKNOWN,2,"[728, 447]",-1
2846,[133],crowley,NEUTRAL,1,[728],8
2846,[138],her,,3,[],-1
2846,[140],crowley,NEUTRAL,1,[473],8
2846,[143],him,,5,[],-1
2846,[148],pedro,NEUTRAL,1,[488],-1
2846,[157],benedick,MALE,2,"[728, 511]",-1
2846,"[158, 169]",gwen,FEMALE,28,[515],-1
2846,[170],claudio,MALE,1,[560],-1
2846,[171],him,,2,[],-1
2846,[176],Alex,,1,[],-1
2846,[185],third,UNKNOWN,4,[559],-1
2846,[192],He,MALE,16,[],-1
2846,[195],four,UNKNOWN,2,[593],-1
2846,[197],anthony,MALE,1,[642],-1
2846,[198],he,MALE,2,[],-1
2846,[200],minute,UNKNOWN,2,"[372, 645]",-1
2846,[207],He,MALE,5,[],-1
2846,[218],evenings,UNKNOWN,2,[691],-1
2846,"[233, 464]",crowley,MALE,141,"[728, 1463]",8
2846,[239],Liam,,1,[],-1
2846,[241],alex,MALE,1,[166],-1
2846,[243],his,,3,[],-1
2846,[259],beatrice,NEUTRAL,1,[895],-1
2846,[261],five,UNKNOWN,2,"[728, 899]",-1
2846,[279],his,,2,[],-1
2846,[286],he,MALE,6,[],-1
2846,[291],aziraphale,MALE,1,[675],4
2846,[299],he,MALE,5,[],-1
2846,[303],aziraphale,MALE,1,[1029],4
2846,[339],his,,13,[],-1
2846,[344],liam,MALE,37,[1142],-1
2846,[352],lucifer,MALE,2,[1234],30
2846,[383],He,MALE,1,[],-1
2846,[399],anthony,MALE,1,[1233],-1
2846,[402],alex,MALE,1,[1423],-1
2846,"[405, 452, 486, 501]",gwen,FEMALE,19,[1815],-1
2846,[407],cara,UNKNOWN,2,[1262],-1
2846,[408],minutes,UNKNOWN,2,"[1304, 1437]",-1
2846,[416],crowley,MALE,2,"[1285, 1463]",8
2846,[419],liam,MALE,8,"[1732, 1729]",-1
2846,[428],third,UNKNOWN,2,"[1345, 1496]",-1
2846,[430],one,UNKNOWN,2,[1498],-1
2846,[431],fell,MALE,1,[1349],-1
2846,[432],alex,MALE,9,[1836],-1
2846,[437],alex,MALE,3,[1793],-1
2846,[442],He,MALE,2,[],-1
2846,[447],Gwen,,1,[],-1
2846,[449],her,,2,[],-1
2846,[451],beatrice,FEMALE,1,[1565],-1
2846,[457],benedick,MALE,1,[1617],-1
2846,"[458, 459]",beatrice,UNKNOWN,2,[1641],-1
2846,[473],dogberry,UNKNOWN,1,[1504],-1
2846,[474],benedick,MALE,1,[1505],-1
2846,[475],beatrice,UNKNOWN,1,[1510],-1
2846,[476],violet,FEMALE,2,"[1506, 1712]",-1
2846,[477],beatrice,MALE,1,[1716],-1
2846,[488],Gwen,,1,[],-1
2846,[490],claudio,MALE,2,[1806],-1
2846,[491],liam,MALE,2,"[1732, 1778]",-1
2846,[492],Benedick,,1,[],-1
2846,[493],beatrice,UNKNOWN,1,[1561],-1
2846,[494],crowley,MALE,11,"[1609, 1463]",8
2846,[497],her,,1,[],-1
2846,[502],she,FEMALE,1,[],-1
2846,[504],he,MALE,1,[],-1
2846,[510],anthony,MALE,1,[1615],-1
2856,[256],eisheth,UNKNOWN,3,[1032],-1
2856,"[513, 130, 389, 526, 532, 287, 291, 421, 298, 430, 566, 316, 447, 196, 200, 330, 81, 344, 227, 238, 370, 248]",crowley,MALE,62,[734],8
2856,"[514, 134, 401, 159, 551, 306, 569, 319, 326, 462, 217, 250]",crowley,MALE,12,[734],8
2856,[132],lau,MALE,753,"[734, 2, 104, 126, 295, 574, 632, 673, 725, 1032, 985, 1298, 1398, 1559]",-1
2856,[394],She,FEMALE,1,[],-1
2856,[537],crowley,NEUTRAL,1,[734],8
2856,"[419, 554, 577, 337]",crowley,MALE,4,[734],8
2856,"[51, 457, 349, 229, 236, 242, 501]",aziraphale,MALE,48,[734],4
2856,[442],aziraphale,NEUTRAL,1,[734],4
2856,[443],her,,1,[],-1
2856,[71],serpent,NEUTRAL,1,[172],-1
2856,"[220, 365]",aziraphale,MALE,2,[734],4
2856,[481],Crowley,,1,[],8
2856,[358],Crowley,,1,[],8
2856,[106],adam,MALE,1,[290],0
2856,[506],She,FEMALE,1,[],-1
2857,[0],hell,UNKNOWN,124,"[1, 373, 350, 66, 247, 254, 269, 395, 393, 394]",-1
2857,[153],angel,MALE,1,[454],4
2857,[3],He,MALE,8,[],-1
2857,[4],aziraphale,MALE,30,[13],4
2857,[134],angel,MALE,1,[375],4
2857,[10],aziraphale,MALE,54,[350],4
2857,"[11, 25]",crowley,MALE,64,[373],8
2857,[13],His,,9,[],-1
2857,[143],zira,UNKNOWN,1,[408],-1
2857,[154],crowley,MALE,1,[373],8
2857,[30],angel,MALE,1,[254],4
2883,"[1, 213, 98]",azira,UNKNOWN,117,[140],-1
2883,"[2, 661, 305, 690, 697, 466, 603, 624, 503]",crowley,MALE,135,[1104],8
2883,[386],crowley,NEUTRAL,1,[951],8
2883,"[3, 34, 50, 63, 194, 81, 97, 108, 118]",crowley,MALE,106,[608],8
2883,"[519, 421, 689, 572, 199, 222, 608, 616, 497]",azira,UNKNOWN,9,[394],-1
2883,[775],bes,UNKNOWN,1,[1874],-1
2883,[405],shakespeare,MALE,1,[990],-1
2883,"[26, 228]",crowley,MALE,3,"[67, 608]",8
2883,[285],he,MALE,1,[],-1
2883,"[166, 372]",azira,UNKNOWN,2,[394],-1
2883,[178],once,UNKNOWN,2,"[1104, 457]",-1
2883,[564],kevlar,NEUTRAL,1,[1452],-1
2883,"[691, 186, 594, 376]",crowley,MALE,4,[1104],8
2883,[312],azira,UNKNOWN,818,"[394, 522, 536, 1104, 650, 849, 1064, 1286, 1296, 1358]",-1
2883,[58],thomas,MALE,1,[140],-1
2883,[62],azira,UNKNOWN,2,"[151, 140]",-1
2883,[192],azira,NEUTRAL,1,[140],-1
2883,[69],azira,UNKNOWN,2,"[166, 140]",-1
2883,"[70, 719]",azira,NEUTRAL,2,[394],-1
2883,[336],hers,,1,[],-1
2883,[337],hers,,1,[],-1
2883,[210],azira,MALE,1,[394],-1
2883,[215],crowley,MALE,1,[394],8
2883,[478],her,,11,[],-1
2883,[234],hers,,1,[],-1
2913,[64],He,MALE,1,[],-1
2913,"[35, 15, 61]",aziraphale,MALE,82,[335],4
2913,[3],his,,17,[],-1
2913,"[36, 196, 137, 175, 242, 30]",crowley,MALE,78,[523],8
2913,"[228, 208]",crowley,MALE,2,[523],8
2913,[229],his,,2,[],-1
2913,[76],Crowley,,1,[],8
2913,[173],azriaphale,UNKNOWN,1,[493],-1
2913,[93],crowley,MALE,1,[523],8
2913,[148],his,,3,[],-1
2921,"[0, 129, 69, 19]",crowley,MALE,86,"[26, 9, 420]",8
2921,[2],crowley,MALE,1,[14],8
2921,"[3, 35, 143]",aziraphale,MALE,124,[420],4
2921,"[38, 91]",crowley,MALE,2,[420],8
2921,[139],gabriel,MALE,1,[416],14
2921,[141],leo,MALE,1,[421],-1
2944,"[1, 143, 44, 100]",crowley,MALE,51,[11],8
2944,"[2, 78, 126]",aziraphale,MALE,72,[659],4
2944,[135],him,,1,[],-1
2944,[31],crowley,MALE,1,[11],8
2944,[170],angel,MALE,1,[639],4
2944,[76],antichrist,NEUTRAL,1,[247],0
2944,[77],tracy,FEMALE,1,[249],22
2944,[79],bentley,NEUTRAL,1,[268],-1
2944,[80],holly,MALE,1,[252],-1
2944,[81],he,MALE,2,[],-1
2944,[83],him,,3,[],-1
2944,[87],adam,MALE,2,[500],0
2944,[88],angel,MALE,1,[314],4
2944,[90],him,,10,[],-1
2944,[109],gabriel,MALE,1,[393],14
2944,[122],he,MALE,1,[],-1
