Fic index,Name,Mentions
3,Ligur,[4]
3,Um.  Newt,[1]
3,Adam,[5]
3,Agnes Nutter,[1]
3,Madame Tracey,[9]
3,Hastur,[5]
3,Seems,[1]
3,Madame Tracy,[1]
3,Look.  Adam,[1]
3,Newt,[5]
3,Guess,[1]
3,Shadwell,[3]
3,Crowley,[11]
3,Just,[1]
3,Hastur WINS,[1]
3,No,[1]
3,Smh,[1]
3,Alpha Centauri,[1]
3,Aziraphale,[9]
3,Aww,[1]
3,Anathema,[2]
3,dear.  Crowley,[1]
3,SkillZ.  Adam,[1]
Fic index,Name,Mentions
12,Knowledge,[1]
12,Satan Himself,[1]
12,My,[1]
Fic index,Name,Mentions
13,See,[1]
13,Tea,[1]
13,Oh,[2]
13,Leslie,[4]
13,Be nice.  Aziraphale,[1]
13,Come,[1]
13,Maud,[1]
13,Aziraphale,[11]
13,Crowley,[8]
13,Doesn,[1]
13,Just,[1]
Fic index,Name,Mentions
15,Hey Beez,[1]
15,know,[1]
15,Alone,[1]
15,Mr. Fell 'angel,[1]
15,Adam Young,[2]
15,Might,[4]
15,Hmm.   So,[1]
15,OK.,[1]
15,Me Alone,[2]
15,'angel,[1]
15,Leonard Bernstein,[1]
15,N,[1]
15,False,[1]
15,Went Fine,[1]
15,Hang,[2]
15,Stand,[1]
15,sad._ Eugh,[1]
15,Solidarity,[1]
15,Naaah,[1]
15,Tracy,[11]
15,Guts,[1]
15,Sorry Crowley,[1]
15,Saint George type_,[1]
15,Awful.,[1]
15,Harry Potter,[1]
15,Chichester Psalms,[1]
15,AZ   P.S,[1]
15,Brian,[12]
15,Matilda,[1]
15,Fell,[23]
15,Out How,[1]
15,Madame Tracy,[2]
15,Juss,[1]
15,Doin,[1]
15,Netflix,[1]
15,+++++++++++++++++++++++++++ Crowley,[1]
15,Benjamin Britten,[1]
15,Ah,[4]
15,Vera Brosgol,[1]
15,Bletchley Park,[1]
15,Greetings,[1]
15,Really,[1]
15,Pepper,[19]
15,Ng,[1]
15,Seattle,[1]
15,Anya,[1]
15,Did,[3]
15,John,[1]
15,J.,[1]
15,Learning Styles,[1]
15,Nut,[1]
15,Stop,[1]
15,Fling,[1]
15,Southern California,[1]
15,Thank Brian,[1]
15,Yours Truly,[1]
15,C.,[1]
15,Oh,[4]
15,Santa,[1]
15,Husband,[1]
15,Away,[1]
15,Gghahhghz_ Hi,[1]
15,Jas,[3]
15,Invitation,[1]
15,Prince Hamlet,[1]
15,Oh Godblessit,[1]
15,Distraction,[1]
15,Mister Sandalphon,[1]
15,Hero,[1]
15,Definitely,[1]
15,Curiosities,[1]
15,Adam,[188]
15,Dunlevie,[2]
15,Uh,[1]
15,Always,[1]
15,Remind,[1]
15,Hello Pepper,[1]
15,Must,[2]
15,Hey.  Crowley,[1]
15,Eric,[10]
15,Blasphemy,[1]
15,Kettle,[1]
15,Club Passim-type,[1]
15,Is London,[1]
15,Newt,[8]
15,Miz Device,[3]
15,Wensleydale,[1]
15,Rare Books,[1]
15,Prob,[1]
15,Wasn,[2]
15,English,[1]
15,Principal Wright,[5]
15,Crowley,[443]
15,James Bond,[3]
15,Me,[1]
15,Mr. Newton,[2]
15,Buy,[1]
15,Fuck,[4]
15,Mister Fell,[20]
15,Eric Ng,[2]
15,Lord,[1]
15,Slim,[1]
15,Unfair Rules,[1]
15,Ssssshe,[1]
15,Aziraphale,[308]
15,Principal Gabe,[1]
15,Shoulda,[1]
15,Mr.,[1]
15,Limber,[1]
15,Anthony,[1]
15,Shit,[1]
15,Would,[1]
15,Oh God,[4]
15,Anthony J,[1]
15,IMG_2193.jpg ],[1]
15,Gabriel García Márquez,[1]
15,Just Crowley,[1]
15,Stay,[1]
15,Isss OK,[1]
15,Ziraphale,[1]
15,Eton,[1]
15,Going Fine,[1]
15,y'knooow,[1]
15,Ehm,[1]
15,Does Crowley,[1]
15,Trivia,[2]
15,Ssso,[1]
15,Me Alone._ Crowley,[1]
15,Yeah,[1]
15,Can,[1]
15,Don,[8]
15,OK. OK.,[1]
15,Harvard Divinity,[1]
15,Weddin,[1]
15,Hold,[1]
15,Delilah Dirk,[1]
15,Sniff,[1]
15,Listen,[1]
15,Hey Eric,[1]
15,Uncle ATM,[1]
15,Plain,[1]
15,Gabriel,[17]
15,Crowley definitely_,[1]
15,Tony,[1]
15,Thunder,[1]
15,Lord._ How,[1]
15,Bit,[1]
15,Walter Moers,[1]
15,Holy FUCK,[1]
15,I.,[1]
15,Ha,[1]
15,Long Island,[1]
15,Hi Mister Fell,[2]
15,Mister Young,[1]
15,Mr. Ng,[1]
15,Call ],[4]
15,Erik,[4]
15,Aren,[1]
15,Jusss,[1]
15,Hail Satan,[1]
15,Wait,[2]
15,Rip Van Winkle,[1]
15,Crowley.,[1]
15,Hullo Aziraphale,[1]
15,Book People,[1]
15,Was,[1]
15,Din,[1]
15,Wheya,[1]
15,Beez,[6]
15,Mister Crowley,[5]
15,Mom,[1]
15,Come,[1]
15,My Kid,[1]
15,Try,[1]
15,Anathema,[24]
15,Seawoirld,[1]
15,Disneyland,[1]
15,Jus,[2]
15,Haven,[1]
15,Nobody,[1]
15,Or,[1]
15,Hallway,[1]
15,Mount Rainier,[1]
15,Hey Crowley,[1]
15,Lil,[1]
15,James,[1]
15,Dunkin Donuts,[1]
15,Michael,[1]
15,Music,[1]
15,Lilith,[2]
15,John Paul George,[1]
15,Time,[3]
15,Ms. Device,[3]
15,Palo Alto,[1]
15,Perfect,[1]
15,Tell Erik,[1]
15,God  Crowley,[1]
15,Dog,[4]
15,Gabriel Wright,[1]
15,Casablanca,[1]
15,Hullo Newt,[1]
15,Menu,[1]
15,God,[2]
15,Ehhhh,[1]
15,Harry,[1]
15,Sam,[1]
15,Mr. Fell,[27]
15,Hadn,[2]
15,Pippin Moonchild,[1]
15,Frankly Aziraphale,[1]
15,Which,[1]
15,Arwen,[1]
15,Livin,[1]
15,Ego,[1]
15,Shadwell,[8]
15,David Attenborough,[1]
15,Bo,[2]
15,Jim Harrison,[1]
15,Sober Crowley,[1]
15,Condo,[1]
15,Newfoundland,[1]
15,Transportation,[1]
15,Uuhsschh,[1]
15,Ca,[2]
15,Th,[1]
15,Beezus,[3]
15,Royal Holloway,[1]
15,Anthony J. Crowley,[2]
15,IMG_2192.jpg ],[1]
15,Triumph Bonneville,[1]
15,Obviously.,[1]
15,Jeremy Wensleydale,[1]
15,Gabey,[1]
15,Met,[1]
15,Hi Crowley,[1]
15,First,[1]
Fic index,Name,Mentions
22,Verdant,[1]
22,Alpha Centauri,[1]
22,Anthony J. Crowley,[1]
22,Aziraphale,[10]
22,Said Angel,[1]
22,Crowley,[10]
Fic index,Name,Mentions
146,I…well,[1]
146,Seder.,[1]
146,Oh,[1]
146,angel.,[1]
146,Aziraphale,[12]
146,Hunger,[1]
146,Wasn,[1]
146,Crowley,[13]
146,Doesn,[1]
Fic index,Name,Mentions
167,Crowley,[1]
167,Aziraphale,[4]
Fic index,Name,Mentions
170,Crawly,[13]
170,Eve know_,[1]
170,Oh,[2]
170,Well,[1]
170,Tall Tales,[1]
170,Don,[2]
170,Ah.    Yeah.,[1]
170,Adam,[2]
170,Gentler Things Aziraphale,[1]
170,Again,[1]
170,Tha,[1]
170,Yes,[1]
170,Huh,[1]
170,Heaven.  Aziraphale,[1]
170,Aren,[1]
170,Adam did_,[1]
170,Er.  Both,[1]
170,Couldn,[2]
170,Almighty.,[1]
170,Stories,[1]
170,Right.   Right.   So,[1]
170,Eve,[8]
170,Aziraphale,[19]
Fic index,Name,Mentions
182,Mr. Fell,[1]
182,Newt,[9]
182,Crowley.   Don,[1]
182,Dagon,[1]
182,Don,[1]
182,Calm,[1]
182,Aziraphale,[10]
182,Yes,[1]
182,Woman,[1]
182,Anyway,[1]
182,Anathema,[1]
182,Yeah,[1]
182,Crowley,[4]
182,Ah,[1]
182,dreadfully.,[1]
182,Excuse,[1]
182,Poppycock,[1]
182,Isn,[1]
Fic index,Name,Mentions
183,Hell,[1]
183,Mast -- Er,[1]
183,Er,[2]
183,Rather,[1]
183,Oh,[3]
183,Well,[3]
183,then.,[1]
183,Aren,[1]
183,Aziraphale,[10]
183,Nothing,[1]
183,quite.   Anything,[1]
183,Er.   Well,[1]
183,Amaimon,[1]
183,Abramelin,[7]
183,Crowley,[1]
183,Fearful Arch Nemesis_,[1]
183,Don,[1]
183,Er ...,[1]
Fic index,Name,Mentions
23,Didn,[1]
23,Raphael,[1]
23,Oh,[3]
23,dear.,[1]
23,Michael,[1]
23,Go,[2]
23,Appearing,[1]
23,Sun Zi,[3]
23,Josephine,[1]
23,Netzach,[3]
23,Back,[1]
23,Time,[1]
23,Hellfire,[1]
23,Gabriel,[1]
23,Destroy,[1]
23,Mind,[1]
23,Overreacting,[1]
23,Really,[1]
23,Crowley,[7]
23,A spot_,[1]
23,Aziraphale,[12]
23,Did,[1]
23,Anatiel,[3]
Fic index,Name,Mentions
43,Seraph Ba,[1]
43,Might,[1]
43,Her,[1]
43,Eden,[1]
43,Beelzebub,[16]
43,Easier,[1]
43,Lucifer,[34]
43,Foras,[2]
43,Holy Water,[1]
43,Yes,[1]
43,Er —,[2]
43,Sorry,[1]
43,Alright,[1]
43,Wha,[1]
43,Earthside,[1]
43,Eugh,[1]
43,Did,[2]
43,Pardon,[1]
43,Crawly,[50]
43,completely_,[1]
43,Angel,[1]
43,Eternal One,[1]
43,Oh,[5]
43,Lord Beelsssebub,[1]
43,Go,[1]
43,Adam,[6]
43,Great,[1]
43,Shouldn,[1]
43,you.,[1]
43,about.  Crawly,[1]
43,Goodbye,[1]
43,Fuck,[1]
43,Lord,[1]
43,Lord Lucifer,[2]
43,Wouldn,[1]
43,Oh — Crawly,[1]
43,Guilty.,[1]
43,Aziraphale,[14]
43,Earth.   Aziraphale,[1]
43,—which,[1]
43,Yeah,[3]
43,Stumped,[1]
43,says.,[1]
43,Don,[8]
43,Tears,[1]
43,Let,[5]
43,Hell,[2]
43,Get,[1]
43,Listen,[1]
43,Huh,[1]
43,Gabriel,[7]
43,Your Lowliness,[1]
43,Zebul,[4]
43,Meant,[1]
43,Archangel.   What,[1]
43,Er,[1]
43,Leviathan,[2]
43,I… Well,[1]
43,Meet,[1]
43,Duke Hastur,[1]
43,Colour,[1]
43,Wrigglin,[1]
43,Eve,[6]
43,Come,[1]
43,that.  Aziraphale,[1]
43,Tree,[1]
43,then.,[1]
43,Bring,[1]
43,don,[1]
43,Michael,[27]
43,Ba,[6]
43,Practice,[1]
43,Samael.   Good,[1]
43,Lust.  Gabriel,[1]
43,Perfect,[1]
43,Ta,[1]
43,Hastur,[2]
43,God,[2]
43,Samael,[28]
43,Finally,[1]
43,Alpha Centauri,[2]
43,Archangel Michael,[1]
43,Fuck_ you_,[1]
43,Unanimous.,[1]
43,but,[1]
43,Seraph,[1]
43,Seraph Ba'al Zebul,[1]
43,Lord Beelzebub,[9]
43,Earth.,[1]
Fic index,Name,Mentions
106,Ah,[1]
106,Raphael,[3]
106,Lucifer,[1]
106,Oh,[2]
106,Well,[1]
106,Yep.,[1]
106,Adam,[1]
106,Aziraphale,[18]
106,Ineffable,[1]
106,Crawley,[12]
106,Samael,[2]
106,Hello,[1]
Fic index,Name,Mentions
135,> Aziraphale,[1]
135,Might,[1]
135,dear.   Mmmph,[1]
135,Ebarak.   Well,[1]
135,Sit,[1]
135,Angel.  Crowley,[2]
135,Valen.  Aziraphale,[1]
135,Hm.  Crowley,[1]
135,Thanks.  Gabriel,[1]
135,Aziraphale.  Aziraphale,[3]
135,Gratitude,[1]
135,Yes,[1]
135,Crowley.  Crowley,[1]
135,Doesn,[1]
135,Whatcha,[1]
135,Turn,[1]
135,principality.,[1]
135,yes.  Gabriel,[1]
135,Sorry,[1]
135,Alright,[10]
135,then.  Aziraphale,[1]
135,Aziraphale.,[1]
135,How,[2]
135,Aw,[1]
135,Really,[3]
135,Relax,[1]
135,Sir.   Oh,[1]
135,Almost,[1]
135,Right,[1]
135,Nonsense,[1]
135,always.,[1]
135,Blocks,[1]
135,Pretty,[1]
135,Disgusting.,[1]
135,angel.  Aziraphale,[1]
135,Hearing Crowley,[1]
135,Blood,[1]
135,Did,[3]
135,Aziraphale.  Crowley,[1]
135,Angel,[1]
135,Amen.,[1]
135,Oh,[9]
135,Well,[2]
135,Bite,[1]
135,Crowley.   Valen.   Yeah,[1]
135,Go,[2]
135,angel.   Don,[1]
135,then.  > >,[1]
135,Inside,[1]
135,Really -,[1]
135,Right.  Aziraphale,[1]
135,Oi,[1]
135,Valen.  Valen,[1]
135,Hey.  Crowley,[2]
135,Yes.  Crowley,[1]
135,Ayim,[1]
135,you.  Valen,[1]
135,Great Plan,[1]
135,naturally.   How,[1]
135,Someday,[1]
135,Whazzat,[1]
135,Shard,[1]
135,though.  Crowley,[1]
135,Glad,[1]
135,No -,[1]
135,Rek.  Rek,[1]
135,Yep,[1]
135,Show,[1]
135,Absolutely.  Aziraphale,[1]
135,Crowley,[190]
135,Me,[1]
135,No,[11]
135,Yes.,[2]
135,Wouldn,[1]
135,dear.  Aziraphale,[1]
135,Ebarak,[12]
135,Ampharel,[7]
135,Aziraphale,[328]
135,Gabe,[1]
135,Shit,[1]
135,William,[1]
135,Night,[1]
135,Bought Valen,[1]
135,misbehave.,[1]
135,please.   Really,[1]
135,Okay,[2]
135,Probably not.,[1]
135,See,[1]
135,somehow.,[1]
135,Can,[2]
135,Don,[5]
135,Let,[2]
135,Was Crowley,[1]
135,collection.,[1]
135,Gabriel,[74]
135,Seems,[1]
135,Trust,[1]
135,Er,[1]
135,Bet,[1]
135,Here.,[1]
135,Crowley.,[1]
135,you.  Crowley,[1]
135,look.  Nephriel,[1]
135,Oh.  Aziraphale,[5]
135,Just,[2]
135,Michael -,[1]
135,Fallen.  Aziraphale,[1]
135,Empty,[1]
135,Silence,[1]
135,Haven,[2]
135,Won,[1]
135,Short,[1]
135,Yes.  Aziraphale,[2]
135,then.,[1]
135,Michael,[37]
135,Valen,[119]
135,Fallen,[1]
135,suits.,[1]
135,Er.  Aziraphale,[1]
135,Just -,[1]
135,Unacceptable,[1]
135,Oh -,[1]
135,So,[1]
135,Instantly Valen,[1]
135,God,[2]
135,Rek,[2]
135,Cool.  Crowley,[1]
135,FIne.  Crowley,[1]
135,Hey,[4]
135,Had God,[1]
135,Nephriel,[33]
135,Sandalphon,[10]
135,Dear,[1]
135,angel.,[1]
135,Hm.  Aziraphale,[1]
135,Than,[1]
135,Sure.,[2]
135,Whatever Gabriel,[1]
135,Hello,[3]
135,God Herself.,[1]
Fic index,Name,Mentions
210,Perfect.,[1]
210,Crawley.   Crowley,[1]
210,Browning.,[1]
210,Stay,[1]
210,Ligur,[1]
210,Anthony J.,[1]
210,Oh,[2]
210,Well,[2]
210,Hey Asphodelus,[1]
210,Michael,[2]
210,Anthony.  Crowley,[1]
210,Tell,[1]
210,Sonneillon,[1]
210,Mostly.,[1]
210,D. Maccerone,[1]
210,Let,[2]
210,Hell,[1]
210,Nostalgia,[1]
210,Time,[1]
210,Duke Ligur,[1]
210,Lucifer,[2]
210,you.    Never,[1]
210,God,[2]
210,Atticus,[1]
210,Asphodelus,[4]
210,you.  Aziraphale,[1]
210,Ug.,[1]
210,Albert,[1]
210,White,[1]
210,Amyntaio.  Aziraphale,[1]
210,Oh Antichrist,[1]
210,Arthur,[1]
210,Hey,[1]
210,Tinerael,[2]
210,Couldn,[2]
210,Was,[1]
210,Crowley,[48]
210,Ah,[1]
210,No,[1]
210,Think,[1]
210,John D Maccerone,[1]
210,Wouldn,[1]
210,Portugal,[1]
210,Name.,[1]
210,Chaos,[1]
210,We,[1]
210,Aziraphale,[41]
210,Atticus Fell.,[1]
210,Ssss Sonneillon,[1]
210,John D. Maccerone,[1]
210,Team Goody-Two-Shoes,[1]
